name,Latitude,Longitude
"Space Invader PA__0290 & PA_0532, 113 rue Oberkampf",48.865889,2.37815
"Space Invader PA_0002, 45 rue Quincampoix",48.861071,2.350494
"Space Invader PA_0003, 14 rue de la Montagne Sainte-GeneviÃ¨ve",48.848851,2.348519
"Space Invader PA_0004, 22 rue Monge",48.847105,2.351085
"Space Invader PA_0005, 25 rue Guisarde",48.85181,2.33376
"Space Invader PA_0006, 40 rue de Seine",48.855063,2.336769
"Space Invader PA_0007, 89 quai de Valmy",48.873073,2.363517
"Space Invader PA_0008 & PA_1083, Impasse Cordon-Boussard",48.865787,2.397594
"Space Invader PA_0010, 30 rue de Charonne",48.85326,2.37574
"Space Invader PA_0013, 47 avenue Daumesnil",48.847401,2.375463
"Space Invader PA_0014, 59 avenue Ledru-Rollin",48.848836,2.372716
"Space Invader PA_0015, 24 rue de CÃ®teaux",48.848117,2.380831
"Space Invader PA_0016, 76 avenue Ledru-Rollin",48.84949,2.374375
"Space Invader PA_0017, face Ã  la rue Voltaire",48.815751,2.361939
"Space Invader PA_0018, 16 rue Saint-Vincent",48.888538,2.341277
"Space Invader PA_0019, pont piÃ©ton de la Grange aux Belles",48.873203,2.364043
"Space Invader PA_0020, 20 rue Saint-Fiacre",48.870718,2.345908
"Space Invader PA_0021, 12 rue Saint-Fiacre",48.870137,2.345564
"Space Invader PA_0022, 68 rue de Turenne",48.859843,2.364654
"Space Invader PA_0023, 5 impasse Beaubourg",48.8622,2.35343
"Space Invader PA_0024, 73 avenue des Gobelins",48.833385,2.354526
"Space Invader PA_0025, 2 rue de la Corderie",48.864634,2.363456
"Space Invader PA_0027, fontaine des Haudriettes",48.861207,2.357949
"Space Invader PA_0028, face au 5 rue Keller",48.853923,2.376619
"Space Invader PA_0029, 21 rue Pastourelle",48.862597,2.359894
"Space Invader PA_0030, 44 rue Quincampoix",48.860959,2.350511
"Space Invader PA_0031, 30 rue de Venise",48.86125,2.35068
"Space Invader PA_0032, 108 rue Vieille du Temple",48.86096,2.36275
"Space Invader PA_0034, 61 rue Vieille du Temple",48.858645,2.358503
"Space Invader PA_0035 & PA_0482, 24 rue PavÃ©e",48.857217,2.361749
"Space Invader PA_0036, face au 7 boulevard Vincent Auriol",48.837191,2.373305
"Space Invader PA_0037, 8 rue du Pasteur Wagner",48.85557,2.369763
"Space Invader PA_0038, 1 passage ThÃ©riÃ©",48.853203,2.374937
"Space Invader PA_0039, 2 rue d'Ã‰cosse",48.848325,2.346597
"Space Invader PA_0040, 45 rue de la Montagne Sainte-GeneviÃ¨ve",48.847145,2.348168
"Space Invader PA_0041, Porte de la Villette",48.89768,2.386005
"Space Invader PA_0043, 26 rue de l'Hirondelle",48.8537,2.34268
"Space Invader PA_0044, 2 rue de l'Ancienne ComÃ©die",48.853573,2.338489
"Space Invader PA_0046, statue de Danton",48.852267,2.339178
"Space Invader PA_0047, 4bis passage de la Main d'Or",48.8516,2.37796
"Space Invader PA_0048, 10 rue Amelot",48.85586,2.3693
"Space Invader PA_0049, 117 rue Oberkampf",48.865957,2.378379
"Space Invader PA_0051, 13 rue de Charonne",48.85284,2.3744
"Space Invader PA_0053, face au 16 boulevard Vincent Auriol",48.836908,2.372367
"Space Invader PA_0055, 43 rue du Moulin des PrÃ©s",48.827765,2.352881
"Space Invader PA_0056, 10 rue Simonet",48.828724,2.351604
"Space Invader PA_0057, 34 rue Louise Weiss",48.834487,2.369748
"Space Invader PA_0058, 14 rue Louise Weiss",48.833443,2.370642
"Space Invader PA_0059, 1 rue Lacordaire",48.844321,2.284636
"Space Invader PA_0060, Ã©glise Saint-Eustache",48.86361,2.344486
"Space Invader PA_0061, 2 rue des Petits Carreaux",48.866362,2.347259
"Space Invader PA_0062 & PA_1078, 99 rue de RÃ©aumur",48.867695,2.345456
"Space Invader PA_0063, 74 rue de Charonne",48.853421,2.379863
"Space Invader PA_0064, devant le MusÃ©e d'Art Moderne",48.864766,2.297397
"Space Invader PA_0065, 30 rue de Lappe",48.853092,2.373914
"Space Invader PA_0066, PA_0067 & PA_0068, 63 rue des Trois FrÃ¨res",48.885639,2.33807
"Space Invader PA_0069, 40 rue du Banquier",48.834656,2.354171
"Space Invader PA_0070, 1 rue de la Verrerie",48.856829,2.355465
"Space Invader PA_0071, 5 rue de Fourcy",48.854802,2.35902
"Space Invader PA_0072, rue Charles Luizet",48.8616,2.367487
"Space Invader PA_0073, 93 rue Jean-Pierre Timbaud",48.8684,2.379376
"Space Invader PA_0075, sur le piÃ©destal du lion",48.834295,2.332466
"Space Invader PA_0076, statue de Jeanne ""au secours"" d'Arc",48.83833,2.357013
"Space Invader PA_0077, 10 rue de Fleurus",48.847133,2.331439
"Space Invader PA_0078, 21 passage du Moulin des PrÃ©s",48.828953,2.352885
"Space Invader PA_0079, 5 rue ChÃ©reau",48.82788,2.35146
"Space Invader PA_0080, 5 rue Ballu",48.881628,2.330889
"Space Invader PA_0081, 88 rue Saint-Maur",48.864884,2.377955
"Space Invader PA_0082, pasage de la VoÃ»te",48.846892,2.408596
"Space Invader PA_0083, fontaine Boucherat",48.864552,2.364555
"Space Invader PA_0084, 15 rue du Pas de la Mule",48.856007,2.366677
"Space Invader PA_0085, 58 rue de Charonne",48.853194,2.378192
"Space Invader PA_0086, pont de Sully",48.850563,2.360204
"Space Invader PA_0087, escalier du port de la Gare",48.837394,2.374162
"Space Invader PA_0088, sortie nord du Carrousel",48.862666,2.335168
"Space Invader PA_0089, 1 rue Baltard",48.862751,2.346483
"Space Invader PA_0090, mÃ©tro Etienne Marcel",48.86372,2.34899
"Space Invader PA_0092, 8 rue de la Ferronnerie",48.86031,2.347383
"Space Invader PA_0093, pont du Carroussel",48.859832,2.333481
"Space Invader PA_0094, porte Fleurus du jardin du Luxembourg",48.84704,2.33263
"Space Invader PA_0095, 65 rue Richelieu",48.867242,2.337616
"Space Invader PA_0097, 205 rue de Charenton",48.83944,2.389005
"Space Invader PA_0098 & PA_0099, sur la fontaine Saint-Michel",48.853192,2.343702
"Space Invader PA_0102 & PA_0564, 42 boulevard de l'HÃ´pital",48.839907,2.361975
"Space Invader PA_0103, 30 rue du Temple, dans la cour",48.859253,2.354045
"Space Invader PA_0104, sud de la place de la Porte de Montreuil",48.853403,2.414337
"Space Invader PA_0105, Ã  droite du lion de la statue",48.86744,2.3638
"Space Invader PA_0106, 2 rue Charlemagne",48.853901,2.361889
"Space Invader PA_0107, pont d'IÃ©na, rive gauche nord",48.859382,2.292935
"Space Invader PA_0108, tunnel de l'avenue de New York",48.859936,2.29058
"Space Invader PA_0109, 587 & 1081, tuyaux d'Ã©vacuation du Centre Pompidou",48.859764,2.352534
"Space Invader PA_0110, 91 rue Quincampoix",48.86263,2.35125
"Space Invader PA_0111, 20 rue Hermel",48.891598,2.344664
"Space Invader PA_0112, 19 rue Gassendi",48.835,2.326943
"Space Invader PA_0113, 46 rue du Cardinal Lemoine",48.846596,2.351423
"Space Invader PA_0114 & PA_1023, 26 rue Vieille du Temple",48.857153,2.357275
"Space Invader PA_0115, impasse des ArbalÃ©triers",48.858572,2.359639
"Space Invader PA_0116, 45 passage ThiÃ©rÃ©",48.854719,2.372764
"Space Invader PA_0117, 31 passage ThiÃ©rÃ© sur le trottoir",48.854414,2.373113
"Space Invader PA_0118, 1 rue Raymond Ayron",48.835576,2.375347
"Space Invader PA_0119 & PA_0824, 102 rue de Bagnolet",48.859426,2.402789
"Space Invader PA_0120, 44 quai de Jemmapes",48.869474,2.367228
"Space Invader PA_0121, 7 rue des Saints-PÃ¨res",48.857629,2.332797
"Space Invader PA_0122, rue de la Clef, sous le lierre",48.840487,2.353132
"Space Invader PA_0124, 40 rue de l'Arcade",48.873356,2.324385
"Space Invader PA_0125, sud de la Fontaine aux Lions",48.83954,2.39581
"Space Invader PA_0126, pont d'IÃ©na (rive gauche)",48.859222,2.292681
"Space Invader PA_0128, 1 rue de Charonne",48.852,2.37376
"Space Invader PA_0131, 53 rue des Orteaux",48.856488,2.403152
"Space Invader PA_0132, 97 rue des MaraÃ®chers",48.856255,2.405541
"Space Invader PA_0133, 7 passage de la Main d'Or",48.851674,2.3779
"Space Invader PA_0135, entrÃ©e sud du Carrousel",48.860367,2.333511
"Space Invader PA_0143, place du ChÃ¢telet",48.857374,2.347233
"Space Invader PA_0144, face au 49 rue Saint-Merri",48.86014,2.35078
"Space Invader PA_0145, 9 rue Saint-Merri",48.8593,2.353009
"Space Invader PA_0146, 2 rue VÃ©ronÃ¨se",48.834234,2.355438
"Space Invader PA_0147, gare d'Austerlitz",48.842848,2.365852
"Space Invader PA_0148, sur le pont d'Arcole",48.85593,2.35063
"Space Invader PA_0149, 1 rue de Turenne",48.854717,2.362911
"Space Invader PA_0150, angle de la Sorbonne",48.84745,2.34358
"Space Invader PA_0151, 28 rue Lhomond",48.843051,2.346784
"Space Invader PA_0152, place de la Concorde",48.86619,2.323337
"Space Invader PA_0154, mÃ©tro de Bel-Air",48.841734,2.400953
"Space Invader PA_0155, 16 rue des Trois Portes",48.851375,2.348257
"Space Invader PA_0156, 2 rue Simon le Franc",48.85991,2.354299
"Space Invader PA_0157, 10 rue Clovis",48.846242,2.348976
"Space Invader PA_0158, 7 rue Debelleyme.",48.8607,2.363722
"Space Invader PA_0159, 69 rue d'Hauteville",48.876025,2.351035
"Space Invader PA_0160, 16 rue AndrÃ© Barsacq",48.885374,2.340677
"Space Invader PA_0161, 17 rue Yvonne Le Tac",48.884163,2.339665
"Space Invader PA_0162, 8 quai de la Seine",48.884617,2.370559
"Space Invader PA_0163, 133 rue Saint-Jacques",48.84691,2.34355
"Space Invader PA_0165, 5 rue Cortot",48.887647,2.340567
"Space Invader PA_0166, face au 21 rue Georges Auric",48.885298,2.38531
"Space Invader PA_0167 & PA_0168, 37 rue Richelieu",48.865523,2.336674
"Space Invader PA_0169, 2 rue du Mont Cenis",48.886355,2.341469
"Space Invader PA_0172, 21 rue Carpeaux",48.89119,2.3318
"Space Invader PA_0175, 18 passage du Chantier",48.851599,2.373552
"Space Invader PA_0176, 12 rue Cassette",48.849961,2.33077
"Space Invader PA_0177, 12 rue du 29 Juillet",48.865373,2.33081
"Space Invader PA_0178, 165 rue du Faubourg Saint-HonorÃ©",48.874702,2.305926
"Space Invader PA_0179, entrÃ©e du tunnel de Champigny",48.82725,2.50721
"Space Invader PA_0180, 14 rue Madame",48.851063,2.331925
"Space Invader PA_0181, 20-24 rue Madame",48.850645,2.331768
"Space Invader PA_0182, 18 rue Madame",48.850962,2.331918
"Space Invader PA_0183, 19 rue de MÃ©ziÃ¨res",48.85035,2.331885
"Space Invader PA_0184, 2 rue Mignon",48.852326,2.341737
"Space Invader PA_0185, 8 rue Scribe",48.872642,2.33117
"Space Invader PA_0187, fontaine Jussieu",48.846366,2.354711
"Space Invader PA_0188, 39 rue des Francs-Bourgeois",48.85788,2.36018
"Space Invader PA_0189, 3 rue Geoffroy Langevin",48.860515,2.354532
"Space Invader PA_0190, 1 rue Stendhal",48.860208,2.403704
"Space Invader PA_0191, 21 chemin du Parc de Charonne",48.86068,2.402905
"Space Invader PA_0192 & PA_0785, face au 130 rue de Bagnolet",48.860974,2.404965
"Space Invader PA_0193, 29 rue de RÃ©aumur",48.865294,2.356472
"Space Invader PA_0194, 61 rue du Chemin Vert",48.859993,2.377448
"Space Invader PA_0195, avenue de la porte Clignancourt",48.900821,2.344819
"Space Invader PA_0196, place de la Bataille de Stalingrad",48.883703,2.368895
"Space Invader PA_0197, cimetiÃ¨re de Montmartre",48.886559,2.33238
"Space Invader PA_0198, 27 rue Sainte-Marthe",48.874305,2.372611
"Space Invader PA_0200, face au 194 rue de Bercy",48.844506,2.37238
"Space Invader PA_0201, 19 rue Georges Lardennois",48.87801,2.37682
"Space Invader PA_0204, place de la porte de Pantin",48.889956,2.395975
"Space Invader PA_0205, parvis de Saint-Vincent-de-Paul",48.878073,2.35168
"Space Invader PA_0206, place de Clichy",48.883508,2.327428
"Space Invader PA_0207, 7 rue DamrÃ©mont",48.887721,2.332576
"Space Invader PA_0208, mÃ©tro Raspail",48.837428,2.331491
"Space Invader PA_0209, sur la coque du Batofar",48.833351,2.379387
"Space Invader PA_0210, 6 rue Marx Dormoy",48.885295,2.359571
"Space Invader PA_0211, 30 rue du Faubourg Saint-Antoine",48.852441,2.371607
"Space Invader PA_0212, 123 boulevard de Charonne",48.85705,2.39305
"Space Invader PA_0213, 84 rue Mouffetard",48.842099,2.349683
"Space Invader PA_0215 & PA_1056, 0 rue Montgallet",48.842592,2.386157
"Space Invader PA_0216, 67 rue de l'Amiral Mouchez",48.821572,2.342467
"Space Invader PA_0218, Tunnel Van-Gogh",48.84423,2.37204
"Space Invader PA_0219, face au 8 rue AndrÃ© Voguet",48.81957,2.37367
"Space Invader PA_0220, mÃ©tro Quai de la Gare",48.837396,2.373523
"Space Invader PA_0221, 91 rue Rebeval",48.873796,2.382938
"Space Invader PA_0222, 94 rue du Faubourg du Temple",48.871109,2.374427
"Space Invader PA_0223, 20 rue Abel",48.848217,2.376069
"Space Invader PA_0224, sur les panneaux d'information du pÃ©riph'",48.819874,2.373607
"Space Invader PA_0225, sur le pont du periph' porte d'Ivry",48.819453,2.373015
"Space Invader PA_0226, 83 rue d'Hauteville",48.876749,2.351173
"Space Invader PA_0228, pont de la rue de l'Ourcq",48.88991,2.38295
"Space Invader PA_0229, rue Antoine Dubois",48.851027,2.339681
"Space Invader PA_0231, 1 rue Tiquetonne",48.864322,2.349905
"Space Invader PA_0232, 11 rue FranÃ§aise",48.864543,2.347672
"Space Invader PA_0233, 1 rue des CÃ©vennes",48.844456,2.276331
"Space Invader PA_0236, 16 rue Magellan",48.87095,2.29964
"Space Invader PA_0237, 156 avenue des Champs Ã‰lysÃ©es",48.873433,2.297074
"Space Invader PA_0238, 8 rue FranÃ§ois 1er",48.866054,2.307521
"Space Invader PA_0240, face au 23 boulevard Diderot",48.845741,2.373868
"Space Invader PA_0241, mÃ©tro Bel-Air face sud",48.841006,2.400885
"Space Invader PA_0242, 94-100 avenue Saint-MandÃ©",48.844487,2.406932
"Space Invader PA_0243, 8bis rue Abel",48.846819,2.375117
"Space Invader PA_0245, 47 rue Oberkampf",48.864602,2.371976
"Space Invader PA_0247, 1 rue Firmin Gillot",48.833349,2.289533
"Space Invader PA_0248, 64 rue de la Fontaine au Roi",48.868299,2.374516
"Space Invader PA_0250, entrÃ©e du mini-square de Jemmapes",48.868861,2.367355
"Space Invader PA_0251, Ã  l'ouest de la fontaine des Innocents",48.860668,2.348006
"Space Invader PA_0253, pont de l'Alma cÃ´tÃ© rive droite",48.864059,2.301387
"Space Invader PA_0254, 101 avenue des Champs-Ã‰lysÃ©es",48.871809,2.300541
"Space Invader PA_0255, sous le banc face Ã  l'arrÃªt de bus Varsovie",48.861297,2.291354
"Space Invader PA_0256, place de Varsovie",48.860866,2.291805
"Space Invader PA_0257, mÃ©tro Passy",48.857696,2.285713
"Space Invader PA_0258, 29 avenue de Lamballe",48.854483,2.278808
"Space Invader PA_0259, 78 rue d'Auteuil",48.84826,2.259879
"Space Invader PA_0260, place de l'Ã‰glise d'Auteuil",48.847438,2.268704
"Space Invader PA_0262, place de la Nation (cÃ´tÃ© avenue du TrÃ´ne)",48.848006,2.397285
"Space Invader PA_0263, sur les marches du mÃ©tro Victor Hugo",48.86995,2.285663
"Space Invader PA_0264, 115 rue de la Tour",48.862998,2.275514
"Space Invader PA_0265, face au 27 boulevard Jules Sandeau",48.862923,2.272269
"Space Invader PA_0266, 11 rue de la Manutention",48.864649,2.29564
"Space Invader PA_0267, 10 rue de Magdebourg",48.864144,2.290235
"Space Invader PA_0268, 96 rue de Courcelles",48.879002,2.303607
"Space Invader PA_0269, sur le Chasseur Ã  pied de la Redoute de Gravelle",48.818166,2.45549
"Space Invader PA_0270, 2 rue Yves Toudic",48.86818,2.36524
"Space Invader PA_0271, 7 rue Vancouleurs",48.869135,2.377477
"Space Invader PA_0272, 96 rue de Tolbiac",48.8268,2.364164
"Space Invader PA_0273, 21 rue Aubry le Boucher",48.860374,2.350215
"Space Invader PA_0275, 14 rue Pierre Dupont",48.879429,2.365226
"Space Invader PA_0277, 31 rue de Charonne",48.853336,2.375826
"Space Invader PA_0278, 53 rue des MaraÃ®chers",48.85287,2.40656
"Space Invader PA_0279, 116 rue du Faubourg du Temple",48.87163,2.37615
"Space Invader PA_0280, 8 rue Spinoza",48.863872,2.385976
"Space Invader PA_0282, 61 rue de la Verrerie",48.858056,2.352673
"Space Invader PA_0283, 101 rue du Faubourg du Temple",48.87084,2.37355
"Space Invader PA_0285, passage Ben Aiad",48.86603,2.34607
"Space Invader PA_0286, 28 rue du Chevalier de la Barre",48.887508,2.344445
"Space Invader PA_0291, 15 rue des PlÃ¢triÃ¨res",48.867868,2.390122
"Space Invader PA_0293, 84 rue du Faubourg du Temple",48.870664,2.37335
"Space Invader PA_0294, 14 rue de Moussy",48.85821,2.35607
"Space Invader PA_0295, 4 rue du Jour",48.863788,2.344822
"Space Invader PA_0301, 44 rue de Charenton",48.850261,2.373484
"Space Invader PA_0302, 37 rue de Belleville",48.879066,2.389857
"Space Invader PA_0303, 24 passage Boiton",48.82682,2.35075
"Space Invader PA_0305, face au 49 rue Geoffroy-Saint-Hilaire",48.84271,2.35551
"Space Invader PA_0307, 77 rue de MÃ©nilmontant",48.868685,2.389394
"Space Invader PA_0308, 2 quai du 4 septembre",48.841443,2.225299
"Space Invader PA_0309, 1 boulevard de l'Amiral Bruix",48.876904,2.282737
"Space Invader PA_0310 & PA_1335, passerelle de la Porte de Saint-Cloud",48.83748,2.255328
"Space Invader PA_0311, face au 5 rue BrÃ©a",48.843579,2.330293
"Space Invader PA_0312, parvis de Saint-Pierre de Montrouge",48.828366,2.327061
"Space Invader PA_0315, face au 32 boulevard Auguste Blanqui",48.830074,2.351154
"Space Invader PA_0316 & PA_0940, rue des Artistes",48.827372,2.334741
"Space Invader PA_0317, devant la Fondation Cartier",48.83667,2.33168
"Space Invader PA_0320, 34 rue du Faubourg Saint-Jacques",48.836622,2.338129
"Space Invader PA_0321, 17 rue Malebranche",48.846537,2.342015
"Space Invader PA_0322, 77 allÃ©e du SÃ©minaire",48.848861,2.332883
"Space Invader PA_0323, 102 rue de Charonne",48.85437,2.384158
"Space Invader PA_0325, 17 rue Robineau",48.86496,2.39397
"Space Invader PA_0326, 10 rue de Picpus",48.84783,2.39293
"Space Invader PA_0327, 29 rue du Faubourg PoissonniÃ¨re",48.87301,2.34781
"Space Invader PA_0328, 40 rue Ã‰tienne Marcel",48.865113,2.344234
"Space Invader PA_0329, 14 rue Pajol",48.88652,2.36116
"Space Invader PA_0330, 102 rue du Faubourg PoissonniÃ¨re",48.878407,2.349266
"Space Invader PA_0331, 2 rue Pierre au Lard",48.859389,2.353003
"Space Invader PA_0332, 41 rue du Repos sous la plaque du cimÃ¨tiÃ¨re",48.859626,2.38935
"Space Invader PA_0333, 39 rue Condorcet",48.880004,2.344263
"Space Invader PA_0334, 7-13 Place Valhubert",48.84398,2.363976
"Space Invader PA_0335, 135 boulevard de la Villette",48.882124,2.369949
"Space Invader PA_0336, centre d'HygiÃ¨ne Sociale",48.890439,2.353239
"Space Invader PA_0339, square du Docteur-Grancher",48.86541,2.39475
"Space Invader PA_0340, 45 quai de Bourbon",48.85356,2.35363
"Space Invader PA_0342, 19 rue LaferriÃ¨re",48.879075,2.336928
"Space Invader PA_0343, pont d'IÃ©na (rive droite)",48.860173,2.291105
"Space Invader PA_0344, tunnel du quai Branly",48.859365,2.293519
"Space Invader PA_0345, 95 rue de SÃ¨vres",48.84892,2.32166
"Space Invader PA_0346, 16 boulevard Pasteur",48.842905,2.312245
"Space Invader PA_0347, passage des Ã‰pinettes",48.843163,2.325474
"Space Invader PA_0348, 39bis boulevard de la Chapelle",48.884037,2.356254
"Space Invader PA_0349, 7 avenue Bosquet",48.861245,2.302593
"Space Invader PA_0350, Ã©cole primaire de l'avenue d'Ivry",48.822933,2.365082
"Space Invader PA_0351, 121 rue de MÃ©nilmontant",48.870021,2.394195
"Space Invader PA_0352, 21 rue d'Alsace",48.877675,2.358214
"Space Invader PA_0353, sortie de mÃ©tro face au 27 boulevard de la Madeleine",48.86946,2.32475
"Space Invader PA_0354, 13 rue Jean Lantier",48.858659,2.345915
"Space Invader PA_0355, 4 rue de la Grande Truanderie",48.862629,2.349708
"Space Invader PA_0357, 21 boulevard Lefebvre",48.832037,2.290355
"Space Invader PA_0358, 14 rue de Savies",48.871463,2.391285
"Space Invader PA_0359, 45 rue Saint-Roch",48.866424,2.332864
"Space Invader PA_0360, 0 rue Saint-Roch",48.863935,2.331188
"Space Invader PA_0362, en face de Chez Prune",48.871724,2.364704
"Space Invader PA_0363, 116 avenue de Choisy",48.826298,2.360009
"Space Invader PA_0364, 347 rue de Vaugirard",48.83711,2.29638
"Space Invader PA_0365, 268 rue de Vaugirard",48.839249,2.300281
"Space Invader PA_0366, 127 rue Castagnary",48.8299,2.30356
"Space Invader PA_0367, 108 rue Brancion",48.82981,2.3017
"Space Invader PA_0369, 7 rue Jules VallÃ¨s",48.853404,2.385082
"Space Invader PA_0371, Ouest de la fontaine de Montreuil",48.85037,2.38316
"Space Invader PA_0372, 63 rue du Faubourg Saint-Antoine",48.85191,2.37404
"Space Invader PA_0373, 121 rue Oberkampf",48.866061,2.378809
"Space Invader PA_0374, 29 boulevard Raspail",48.853198,2.326541
"Space Invader PA_0375, 2 rue de l'Est",48.870922,2.395388
"Space Invader PA_0376, 28 rue de Poitou",48.86167,2.362442
"Space Invader PA_0377, 52 boulevard Voltaire",48.86302,2.37105
"Space Invader PA_0378, 45 rue de Poitou",48.86174,2.36131
"Space Invader PA_0379, 17 rue des Blancs-Manteaux",48.85881,2.35731
"Space Invader PA_0380, port du Gros-caillou",48.862947,2.309289
"Space Invader PA_0381, place Joffre, allÃ©e Thomy Thierry",48.852271,2.301291
"Space Invader PA_0384, 26 rue du Moulin Joly",48.869815,2.378334
"Space Invader PA_0385, 41 rue Dunois",48.83149,2.36856
"Space Invader PA_0386, croisement rue de Rome/bvd des Batignolles",48.881849,2.32087
"Space Invader PA_0388, Gare Montparnasse",48.841083,2.320092
"Space Invader PA_0389, 86 rue de Botzaris",48.879467,2.389352
"Space Invader PA_0390, 1 passage Gustave Lepeu",48.856021,2.386367
"Space Invader PA_0391, 114 quai de Bercy",48.83174,2.385019
"Space Invader PA_0392, 35 quai des Grands Augustins",48.854565,2.342448
"Space Invader PA_0394, pont Saint-Michel",48.854351,2.344578
"Space Invader PA_0395, 14 rue Chomel",48.85182,2.32449
"Space Invader PA_0396, 49 rue de Beaubourg",48.862668,2.35441
"Space Invader PA_0398, 1 pont Morland",48.84742,2.365655
"Space Invader PA_0399, pont de l'Alma",48.862586,2.302184
"Space Invader PA_0400, 93 quai d'Orsay",48.862166,2.302284
"Space Invader PA_0401, fontaine de Cuvier",48.843999,2.354947
"Space Invader PA_0402, quai Anantole France",48.86244,2.32015
"Space Invader PA_0403, porte N-E du parc George Brassens",48.83208,2.30289
"Space Invader PA_0404, face au 2 place de la Bourse",48.869401,2.342066
"Space Invader PA_0405, face au 110 rue Castagnary",48.830168,2.305931
"Space Invader PA_0406, 4 rue de Braque",48.860747,2.357133
"Space Invader PA_0407, 93 rue Vieille du Temple",48.860102,2.360883
"Space Invader PA_0410, 0 rue de la Mare",48.868393,2.38822
"Space Invader PA_0411, 68 rue Orfila",48.867053,2.397994
"Space Invader PA_0412, 15 rue Robineau",48.864799,2.393552
"Space Invader PA_0413, 3 boulevard Malsherbes",48.869917,2.323209
"Space Invader PA_0414, 2 rue du 11 Novembre 1918",48.891977,2.410014
"Space Invader PA_0415, 34 rue Titon",48.852895,2.386345
"Space Invader PA_0416, 9 rue de Marseille",48.871537,2.363221
"Space Invader PA_0418, 139 avenue Michelet",48.901461,2.344331
"Space Invader PA_0420, 45 rue Anselme",48.909131,2.336024
"Space Invader PA_0421, 71 rue des Rondeaux",48.86476,2.39571
"Space Invader PA_0422, 32 rue Dunois",48.83124,2.36918
"Space Invader PA_0423, 63 avenue Franklin Delano Roosevelt",48.871812,2.309915
"Space Invader PA_0424, 13 rue de la Manutention",48.864665,2.295582
"Space Invader PA_0426, face au pavillon d'Italie",48.816064,2.357022
"Space Invader PA_0427, 10 rue de Tolbiac",48.829912,2.375363
"Space Invader PA_0428, 7 avenue de la Grande ArmÃ©e",48.874504,2.292356
"Space Invader PA_0429, 22 avenue Carnot",48.876277,2.292479
"Space Invader PA_0430, le Comptoire GÃ©nÃ©ral",48.872183,2.36513
"Space Invader PA_0431, rond-point de la porte de Vincennes",48.847269,2.414288
"Space Invader PA_0432 & 573, 24 rue de l'Est",48.871131,2.393294
"Space Invader PA_0433, 33 rue de Sibuet",48.843322,2.402278
"Space Invader PA_0434, 19 rue Lamblardie",48.840725,2.39799
"Space Invader PA_0436, Centre culturel de Serbie",48.860945,2.350814
"Space Invader PA_0437, place du Colonel Fabien",48.877651,2.370595
"Space Invader PA_0438, petite ceinture pont de la rue Manin",48.882949,2.385862
"Space Invader PA_0439, 134 boulevard de Clichy",48.884036,2.32822
"Space Invader PA_0441, 7 rue Gabriel PÃ©ri",48.815533,2.356289
"Space Invader PA_0442, 46 Olivier MÃ©tra",48.87446,2.393054
"Space Invader PA_0443, entrÃ©e sud des Buttes Chaumont",48.87615,2.381094
"Space Invader PA_0444, 14 rue Chaudron",48.883149,2.365842
"Space Invader PA_0445, 181 rue Lafayette",48.880303,2.360816
"Space Invader PA_0446, 174 rue Saint-Maur",48.870261,2.373237
"Space Invader PA_0447, Ã  l'intÃ©rieur d'Artazart",48.87265,2.36377
"Space Invader PA_0448, 80 quai Jemmapes",48.872148,2.365148
"Space Invader PA_0449, 73 rue du Faubourg Saint-HonorÃ©",48.871552,2.314716
"Space Invader PA_0450, 5 rue Volta",48.86477,2.356862
"Space Invader PA_0451 & PA_0654, 39 rue de Charonne",48.853334,2.376638
"Space Invader PA_0452, 5 passage Saint-Antoine",48.852811,2.376367
"Space Invader PA_0453, 24 Ã  32 rue des Amandiers",48.864562,2.389631
"Space Invader PA_0454, Assainissement de Valmy",48.873127,2.363638
"Space Invader PA_0455, 48 rue Mazarine",48.855155,2.337721
"Space Invader PA_0456, 1 place d'IÃ©na",48.8646,2.294413
"Space Invader PA_0458, 16 rue Elise Borey",48.866403,2.390936
"Space Invader PA_0459, mÃ©tro Chevaleret",48.834914,2.36825
"Space Invader PA_0460, 39P rue Louise Weiss",48.834395,2.369952
"Space Invader PA_0461, 5-7 rue Charles Renouvier",48.861765,2.400009
"Space Invader PA_0462, 44 rue de ClÃ©ry",48.868378,2.347578
"Space Invader PA_0464, 6 rue de la Verrerie",48.857053,2.355457
"Space Invader PA_0465, 114 rue de la Roquette",48.856977,2.378546
"Space Invader PA_0466, 51 rue de la Fontaine au Roi",48.868146,2.373402
"Space Invader PA_0467, parc de Belleville",48.871567,2.384969
"Space Invader PA_0468, 65 rue Montorgueil",48.86592,2.34698
"Space Invader PA_0470, 1057 & 1062, 64 rue Tiquetonne",48.864784,2.345683
"Space Invader PA_0471, 83 rue de MÃ©nilmontant",48.868821,2.390091
"Space Invader PA_0472, 11Z rue Gaby Sylvia",48.85904,2.371362
"Space Invader PA_0473, 3 rue Saint-Sulpice",48.851471,2.338006
"Space Invader PA_0474, 2 rue de Prony",48.880578,2.308577
"Space Invader PA_0475, 2 avenue de la Grande ArmÃ©e",48.874673,2.293325
"Space Invader PA_0476, 1 rue Paul Baudry",48.87181,2.306088
"Space Invader PA_0477, 267b rue de Paris",48.854338,2.415553
"Space Invader PA_0478, pont du Rouelle",48.852616,2.281438
"Space Invader PA_0480, 14 rue du Roi de Sicile",48.85587,2.359774
"Space Invader PA_0481, sous la plaque de rue du coin du parc",48.844974,2.332482
"Space Invader PA_0483, 7 rue du Bourg l'AbbÃ©",48.863924,2.352013
"Space Invader PA_0484, 24 rue de Vienne",48.878388,2.323006
"Space Invader PA_0485, 15 rue Paul ValÃ©rie",48.870264,2.289909
"Space Invader PA_0486, 26 rue Vaneau",48.852909,2.31909
"Space Invader PA_0488, 79 rue de Wattignies",48.83484,2.40039
"Space Invader PA_0489, 1 rue Clavel",48.874111,2.385594
"Space Invader PA_0490, 10 rue du Chemin de Fer",48.899579,2.391981
"Space Invader PA_0492, 36 rue du Soleil",48.87388,2.39531
"Space Invader PA_0493, 87 rue Saint-HonorÃ©",48.86124,2.3435
"Space Invader PA_0494, 41 rue Delambre",48.841328,2.325149
"Space Invader PA_0495, 17 rue de Navarre",48.844497,2.352557
"Space Invader PA_0496, 51 boulevard Saint-Martin",48.868789,2.356291
"Space Invader PA_0497, sortie routiÃ¨re de Roissy-Charles-de-Gaulle",49.006762,2.528152
"Space Invader PA_0498, 64 rue de la Rochefoucauld",48.880778,2.33573
"Space Invader PA_0499, pont EugÃ¨ne-Varlin",48.877519,2.365507
"Space Invader PA_0501, au pied des escaliers du boulevard du Temple",48.866361,2.364673
"Space Invader PA_0502, 29 rue Censier",48.840414,2.353
"Space Invader PA_0503, 74 rue de Turenne",48.860382,2.364672
"Space Invader PA_0504, 52 rue des Rosiers",48.857714,2.35837
"Space Invader PA_0505, 12 rue de Thorigny",48.859788,2.362908
"Space Invader PA_0506, square Pierre Lazareff",48.866887,2.349292
"Space Invader PA_0507, 21 rue Juliette Dodu",48.875379,2.369037
"Space Invader PA_0508, 9 rue des Prouvaires",48.861702,2.344175
"Space Invader PA_0510, place de la Bastille",48.853266,2.370649
"Space Invader PA_0514, Palais de Tokyo",48.864153,2.296905
"Space Invader PA_0515, 278 rue du Faubourg Saint-Antoine",48.848534,2.393914
"Space Invader PA_0516, 129-133 rue de MÃ©nilmontant",48.870172,2.395543
"Space Invader PA_0517, 13 rue Froissart",48.86167,2.36546
"Space Invader PA_0520, viaduc rue Jacques KablÃ©",48.835546,2.494696
"Space Invader PA_0521, cimetiÃ¨re de Belleville",48.875538,2.399825
"Space Invader PA_0522, Square Jules Ferry",48.866379,2.369036
"Space Invader PA_0523, face au 4 rue Jean du Bellay",48.852787,2.353224
"Space Invader PA_0524, 244 avenue du GÃ©nÃ©ral de Gaulle",48.826905,2.508885
"Space Invader PA_0525, 16 rue Saint-Merri",48.859482,2.352759
"Space Invader PA_0526, au croisement de l'A86 et de la ligne de RER E",48.860432,2.487126
"Space Invader PA_0527, 74 rue Dunois",48.833181,2.366221
"Space Invader PA_0528, 13 rue des Anglais",48.850632,2.34756
"Space Invader PA_0529, 15 rue de Pontoise",48.849394,2.351715
"Space Invader PA_0530, 83 rue de la Mare",48.873512,2.388421
"Space Invader PA_0531, 129 rue de MÃ©nilmontant",48.87015,2.395348
"Space Invader PA_0533, sous le pÃ©riph' porte de Cligancourt",48.900816,2.343811
"Space Invader PA_0534, entrÃ©e du Palais de Tokyo",48.8646,2.2967
"Space Invader PA_0535, 37 rue de Terre Neuve",48.855303,2.39992
"Space Invader PA_0536, 7 rue de la Planchette",48.83952,2.38871
"Space Invader PA_0537, 160 rue Oberkampf, piscine de l'Espace Form",48.86626,2.38281
"Space Invader PA_0539, 30 rue Beaubourg dans la cour",48.862014,2.354191
"Space Invader PA_0540, impasse Questre",48.8682,2.38131
"Space Invader PA_0542, 5 rue de Rambouillet",48.843367,2.379208
"Space Invader PA_0543, 1 rue Duchefdelaville",48.832575,2.370989
"Space Invader PA_0545, 62 rue Villiers de l'Isle Adam",48.86761,2.39659
"Space Invader PA_0546, 320bis rue de Charenton",48.831983,2.39717
"Space Invader PA_0547, place FrÃ©hel",48.873155,2.381651
"Space Invader PA_0548, 103 rue du Faubourg du Temple",48.870979,2.373844
"Space Invader PA_0549, 54 rue des Vinaigriers",48.873262,2.358945
"Space Invader PA_0550, 8 rue de l'Ã‰chaudÃ©",48.85482,2.3366
"Space Invader PA_0551, 1 avenue Ibsen",48.865235,2.411501
"Space Invader PA_0552, 3 rue Auber",48.871768,2.330301
"Space Invader PA_0553, 74 rue des Martyrs",48.881482,2.339937
"Space Invader PA_0554, 101 rue de Reuilly",48.843257,2.391561
"Space Invader PA_0555, 11 boulevard Beaumarchais",48.854589,2.368784
"Space Invader PA_0556, 2 rue de l'HÃ´tel Colbert",48.851905,2.349057
"Space Invader PA_0557, 282 rue Saint-Jacques",48.841544,2.341198
"Space Invader PA_0558, 45 rue de la BrÃ¨che aux Loups",48.838579,2.39589
"Space Invader PA_0559, 1 rue Raoul",48.83874,2.396419
"Space Invader PA_0560, 65 boulevard Flandrin",48.86858,2.27404
"Space Invader PA_0562, 27 rue du Ruisseau",48.892412,2.339938
"Space Invader PA_0563, 2 place du Palais Royal",48.862193,2.337129
"Space Invader PA_0565, 3 rue Philippe de Girard",48.881076,2.361865
"Space Invader PA_0566, 181 rue de la Roquette",48.859867,2.388514
"Space Invader PA_0567, 117 rue Haxo",48.876023,2.402223
"Space Invader PA_0568, 2 rue de l'Aqueduc",48.879885,2.35878
"Space Invader PA_0569, passerelle de Charentonneau",48.816851,2.442683
"Space Invader PA_0570, 82 rue FranÃ§ois Miron",48.8553,2.3595
"Space Invader PA_0571, 10 boulevard de la Bastille",48.84726,2.36746
"Space Invader PA_0572, 27 rue du Roi de Sicile",48.856483,2.357385
"Space Invader PA_0574, avenue Pierre Brossolette",48.829989,2.493827
"Space Invader PA_0575, 22 rue de Poitou",48.861596,2.363004
"Space Invader PA_0576, 2 place du Carrousel",48.862441,2.335272
"Space Invader PA_0577, 5 rue Levert",48.873222,2.389838
"Space Invader PA_0578, 3 place Henri Queuille",48.845263,2.311836
"Space Invader PA_0579, entrÃ©e nord-ouest du Carrousel",48.862527,2.334869
"Space Invader PA_0580, 59 rue de la Verrerie",48.85795,2.35288
"Space Invader PA_0581, entrÃ©e nord-est du Carrousel",48.862465,2.335164
"Space Invader PA_0582, 14 rue Villedo",48.866571,2.3357
"Space Invader PA_0583, 2 impasse d'Amsterdam",48.877746,2.326297
"Space Invader PA_0584, 17 rue d'Amsterdam",48.877251,2.326795
"Space Invader PA_0585, mÃ©tro Rambuteau",48.861338,2.353407
"Space Invader PA_0586, 89 boulevard Beaumarchais",48.859193,2.367439
"Space Invader PA_0588, 5 rue Charles V",48.852634,2.363238
"Space Invader PA_0589, 1 rue Melingue",48.874413,2.386179
"Space Invader PA_0590, 17 rue Ã‰tienne Marcel",48.863723,2.349401
"Space Invader PA_0591, villa du Clos de Malvert",48.869106,2.372997
"Space Invader PA_0592, 19 rue FÃ©rou",48.84908,2.33412
"Space Invader PA_0593, place Balard sous la Petite Ceinture",48.836438,2.278256
"Space Invader PA_0594, place Balard",48.836677,2.278782
"Space Invader PA_0595, 183 rue de Lourmel",48.837935,2.281867
"Space Invader PA_0596, 85 rue de la Croix Nivert",48.843339,2.295586
"Space Invader PA_0597, mÃ©tro La Motte-Picquet-Grenelle",48.849209,2.297638
"Space Invader PA_0598, 1 avenue de la Motte-Picquet",48.8572,2.310167
"Space Invader PA_0599, 2 rue de l'Ourcq",48.886784,2.384861
"Space Invader PA_0600, entrÃ©e du tunnel de la porte Chaumont",48.886487,2.396877
"Space Invader PA_0601, A86 Ã  l'angle du stade Pierre de Coubertin",48.859886,2.485377
"Space Invader PA_0602, cour de la MÃ©tairie",48.873826,2.385557
"Space Invader PA_0604, 36 rue Erard",48.846707,2.387123
"Space Invader PA_0605, 1 place Suzanne Valadon",48.884387,2.34245
"Space Invader PA_0606, 39 rue d'Aboukir",48.867182,2.344938
"Space Invader PA_0607, 48 rue d'Orsel",48.883487,2.341899
"Space Invader PA_0608, 1 avenue du GÃ©nÃ©ral de Gaulle",48.820142,2.484218
"Space Invader PA_0609, 35 boulevard de la Chapelle",48.884224,2.359716
"Space Invader PA_0610, passage Stendhal",48.861698,2.400375
"Space Invader PA_0611, boulevard Georges Braque",48.961187,2.473746
"Space Invader PA_0612, 14 rue du Renard",48.858923,2.352351
"Space Invader PA_0613, derriÃ¨re un poteau Ã  l'entrÃ©e d'un tunnel",48.816267,2.361211
"Space Invader PA_0614, bretelle de pÃ©riphÃ©rique Porte Brancion",48.826254,2.298492
"Space Invader PA_0615, 17 passage de la Bonne Graine",48.85257,2.376714
"Space Invader PA_0616, 31 place Saint-Ferdinand",48.877728,2.288333
"Space Invader PA_0617, 14 rue Pierre Demours",48.880365,2.292817
"Space Invader PA_0618, 15 rue Pierre Demours",48.880564,2.29294
"Space Invader PA_0619, 47 rue Cardinet",48.882618,2.30578
"Space Invader PA_0620, escalier menant vers le passage Piat",48.87046,2.38677
"Space Invader PA_0621, porte de Pantin",48.888993,2.396147
"Space Invader PA_0622, au pied du 18 boulevard de la Guyane",48.835582,2.412255
"Space Invader PA_0623, porte de la Gare cÃ´tÃ© Ivry",48.827254,2.385989
"Space Invader PA_0624, 10 rue de SÃ¨vres",48.851942,2.328452
"Space Invader PA_0626, 200 rue de la Convention",48.837111,2.296615
"Space Invader PA_0629, impasse Robiquet",48.843542,2.325509
"Space Invader PA_0630, 30 rue de Martignac",48.857442,2.318064
"Space Invader PA_0631, entrÃ©e Nord de l'OpÃ©ra",48.872847,2.331371
"Space Invader PA_0634, 10 rue Hautefeuille",48.852136,2.342636
"Space Invader PA_0635, 21 rue de Vaugirard",48.84873,2.332644
"Space Invader PA_0636, 32 rue de Poissy",48.847975,2.351684
"Space Invader PA_0637, 22 place des Vosges",48.855987,2.366663
"Space Invader PA_0638, 79 rue des Gravilliers",48.864746,2.353433
"Space Invader PA_0639, 122 rue Lepic",48.88667,2.338443
"Space Invader PA_0641, 2 rue d'Orchampt",48.886268,2.337896
"Space Invader PA_0642, 46 rue Berthe",48.885997,2.338538
"Space Invader PA_0643, 21 rue des Abbesses",48.884576,2.337857
"Space Invader PA_0644, 2 rue Lamarck",48.886213,2.344091
"Space Invader PA_0645, rue Charles Monselet",48.879724,2.400606
"Space Invader PA_0646, porte de Vanves",48.827974,2.304927
"Space Invader PA_0647, 66 rue Caulaincourt",48.889471,2.336834
"Space Invader PA_0648, mÃ©tro Pelleport",48.868227,2.401491
"Space Invader PA_0649, 1 rue Gaston Pinot",48.882785,2.389945
"Space Invader PA_0650, 1 rue Desaugiers",48.847517,2.268078
"Space Invader PA_0651, 52 rue Saint-Didier",48.867162,2.283506
"Space Invader PA_0652, 25 rue des Sablons",48.865032,2.282824
"Space Invader PA_0653, 33 rue du ColisÃ©e",48.871372,2.309827
"Space Invader PA_0655, 34 rue Debelleyme",48.862195,2.363702
"Space Invader PA_0656, 112bis rue Championnet",48.89589,2.3395
"Space Invader PA_0657, 3 avenue Jean JaurÃ¨s",48.88318,2.371115
"Space Invader PA_0658, mÃ©tro Saint-Fargeau",48.871633,2.404115
"Space Invader PA_0659, 194 rue Championnet",48.894157,2.332085
"Space Invader PA_0660, 46 rue de LÃ©vis",48.883433,2.314096
"Space Invader PA_0661, 41 rue AmpÃ¨re",48.885168,2.302939
"Space Invader PA_0663, 25 rue Guersant",48.881089,2.289603
"Space Invader PA_0664, 31 rue des Acacias",48.87718,2.29226
"Space Invader PA_0665, 127 rue de Lauriston",48.86556,2.285567
"Space Invader PA_0666, face au 29 quai de grenelle",48.852895,2.28643
"Space Invader PA_0667, 64 avenue de Choisy",48.823602,2.36211
"Space Invader PA_0668, 26 avenue Jean Aicard",48.866368,2.380604
"Space Invader PA_0669, pont ferroviaire de la porte des Poissonniers",48.898293,2.35365
"Space Invader PA_0670, 17 rue de l'Ã‰querre",48.874863,2.382439
"Space Invader PA_0671, 54 avenue Bolivar",48.876522,2.378205
"Space Invader PA_0672, 1 avenue Jean Aicard",48.864357,2.381662
"Space Invader PA_0673, 1 rue de l'Ancienne ComÃ©die",48.85358,2.338324
"Space Invader PA_0674, passage Alexandre",48.840239,2.315487
"Space Invader PA_0675, 1bis rue Friant",48.827125,2.325317
"Space Invader PA_0677, 46 rue de Seine",48.854694,2.336777
"Space Invader PA_0678, 6 rue de Seine",48.857238,2.336413
"Space Invader PA_0679, 1 rue de l'ArbalÃ¨te",48.840425,2.349749
"Space Invader PA_0680 & 1099, 4 rue de la Mare",48.868496,2.388493
"Space Invader PA_0681, 10 rue d'Ormesson",48.855447,2.362038
"Space Invader PA_0682, 21 rue des Francs-Bourgeois",48.856802,2.362962
"Space Invader PA_0683, 132 boulevard Richard Lenoir",48.865832,2.370005
"Space Invader PA_0684, 23bis rue Poliveau",48.840199,2.359213
"Space Invader PA_0685, sortie 18 de l'A86",48.85823,2.48817
"Space Invader PA_0686, 1 rue Marius Delcher",48.828627,2.399139
"Space Invader PA_0690, 12 rue Jean-Henri Fabre",48.901307,2.342903
"Space Invader PA_0691, 1 rue Rafflet",48.85038,2.26577
"Space Invader PA_0692, 24 rue du Docteur Blanche",48.854442,2.265482
"Space Invader PA_0693, 15 rue Pierre GuÃ©rin",48.848932,2.266419
"Space Invader PA_0694, 26 rue Poussin",48.848773,2.2634
"Space Invader PA_0695, 1 rue Jasmin",48.852472,2.267952
"Space Invader PA_0696, 9 rue Debellyeme",48.861165,2.363171
"Space Invader PA_0697, 14 boulevard Richard Lenoir",48.853908,2.369859
"Space Invader PA_0698, 10 rue Saint-Sabin",48.855118,2.37208
"Space Invader PA_0699, 127 rue des PyrÃ©nÃ©es",48.85736,2.40393
"Space Invader PA_0700, 65 rue des PyrÃ©nÃ©es",48.852469,2.406015
"Space Invader PA_0701, 1 rue Godefroy Cavaignac",48.85402,2.38187
"Space Invader PA_0702, 98 rue de Charonne",48.853809,2.38185
"Space Invader PA_0703, 47 rue de Charonne",48.853172,2.377438
"Space Invader PA_0704, 17 rue de la Cerisaie",48.852243,2.365003
"Space Invader PA_0705, 32 rue de Patay",48.825532,2.374785
"Space Invader PA_0706, 42 villa Auguste Blanqui",48.830642,2.367399
"Space Invader PA_0707, 17 rue Beautreillis",48.85343,2.36409
"Space Invader PA_0708, 11 passage Gauthier",48.875696,2.381437
"Space Invader PA_0710, 7 rue de LesdiguiÃ¨res",48.852983,2.366907
"Space Invader PA_0711, 27 rue des Tournelles",48.855854,2.367249
"Space Invader PA_0712, 20 rue de Dunkerque",48.880354,2.353532
"Space Invader PA_0713, 1 rue Taylor",48.869021,2.358775
"Space Invader PA_0714, 25 rue Watt",48.826486,2.378769
"Space Invader PA_0715, 3 CitÃ© Aubry",48.857119,2.395469
"Space Invader PA_0717, 2 rue des Orteaux",48.856953,2.398039
"Space Invader PA_0718, 39 rue Basfroi",48.855747,2.378545
"Space Invader PA_0719, 1 rue Camille Desmoulins",48.85859,2.3802
"Space Invader PA_0720, 19 rue de la Ferronnerie",48.86022,2.347488
"Space Invader PA_0722, 11 rue Michel Lecomte",48.862132,2.356246
"Space Invader PA_0723, 12 rue de Parme",48.881331,2.327524
"Space Invader PA_0724, 4 rue Papillon",48.875964,2.347827
"Space Invader PA_0725, 7 rue de Dunkarque",48.879386,2.357742
"Space Invader PA_0726, 135 rue de Rome",48.88561,2.316589
"Space Invader PA_0727, 51 rue de Clichy",48.880744,2.328624
"Space Invader PA_0728, 18 rue Caroline",48.883526,2.323402
"Space Invader PA_0729, cour du Havre",48.87584,2.326082
"Space Invader PA_0730, 6 rue Bleue",48.875865,2.347215
"Space Invader PA_0732, 2 rue Jouye-Rouve",48.873293,2.38255
"Space Invader PA_0733, 38 rue du Moulin Joly",48.870538,2.377714
"Space Invader PA_0734, 20 rue du Faubourg Montmartre",48.873159,2.343061
"Space Invader PA_0735, 66 rue des Rochers",48.87899,2.319
"Space Invader PA_0736, 334 rue Saint-HonorÃ©",48.8658,2.33036
"Space Invader PA_0737, 21 rue Charles FrÃ©del",48.87271,2.396104
"Space Invader PA_0738, 20 rue Clavel",48.875831,2.383608
"Space Invader PA_0739, 120 rue de MÃ©nilmontant",48.869942,2.394924
"Space Invader PA_0740, 99 rue Claude Decaen",48.838869,2.396012
"Space Invader PA_0741, 194 boulevard de la Villette",48.88212,2.370526
"Space Invader PA_0742, 322 rue des PyrÃ©nÃ©es",48.872953,2.390778
"Space Invader PA_0743, 45 rue du Faubourg du Temple",48.869494,2.36897
"Space Invader PA_0744, La Bellevilloise",48.868755,2.392021
"Space Invader PA_0746, 79 rue Charlot",48.86436,2.364217
"Space Invader PA_0747, librairie Mazarine",48.853989,2.338092
"Space Invader PA_0748, Avenue de la Porte de la Villette",48.89966,2.38804
"Space Invader PA_0749, face au conservatoire de Montreuil",48.85901,2.436125
"Space Invader PA_0750, 4 rue du Sergent Bobillot",48.857381,2.434642
"Space Invader PA_0751, 11 rue Girardot",48.860505,2.439718
"Space Invader PA_0752, 14 boulevard Edouard Branly",48.876096,2.440929
"Space Invader PA_0753, 120 rue d'Avron",48.852952,2.407912
"Space Invader PA_0754, 59bis rue Popincourt",48.860385,2.375421
"Space Invader PA_0755, 6 rue de la Victoire",48.875067,2.340506
"Space Invader PA_0756, 4 rue Flechier",48.87662,2.339413
"Space Invader PA_0757, place Marcel Sembat",48.83374,2.24399
"Space Invader PA_0758, 44 quai du Point du Jour",48.830897,2.257281
"Space Invader PA_0761, 1 quai Louis BlÃ©riot",48.851105,2.2784
"Space Invader PA_0762, face au 99 boulevard de Montmorency",48.848516,2.260419
"Space Invader PA_0763, A3/Boulevard Edouard Branly",48.875949,2.441232
"Space Invader PA_0764, 28 rue Serpente",48.852426,2.341462
"Space Invader PA_0765, 17 rue de l'Estrapade",48.844762,2.346528
"Space Invader PA_0766, 97 rue Mouffetard",48.841397,2.349618
"Space Invader PA_0767, 0 rue du Fer Ã  Moulin",48.839616,2.356229
"Space Invader PA_0768, 42 boulevard Diderot",48.846213,2.378005
"Space Invader PA_0769, 65 rue du Temple",48.860716,2.355181
"Space Invader PA_0770, 6 rue de la Tour d'Auvergne",48.878821,2.345214
"Space Invader PA_0771, 132 rue des PyrÃ©nÃ©es",48.858658,2.402883
"Space Invader PA_0774, 119 avenue Parmentier",48.868623,2.371913
"Space Invader PA_0775, 4 place des Victoires",48.865825,2.340667
"Space Invader PA_0776, 14 rue Castellane",48.87263,2.324096
"Space Invader PA_0778, 0779, 0782, 0783, 0784, 0786, 0787, 0788, 0789 & 0790, pÃ©riphÃ©rique le long des immeubles de la rue Maryse BastiÃ©",48.82046,2.37492
"Space Invader PA_0780, 12 rue Madame",48.851286,2.331966
"Space Invader PA_0781, 2 rue des Boulangers",48.846086,2.35432
"Space Invader PA_0795, 8 cour du Commerce Saint-AndrÃ©",48.852734,2.33924
"Space Invader PA_0796, 110 rue Vieille du Temple",48.861041,2.362933
"Space Invader PA_0797, 77 rue de Lille",48.859905,2.324936
"Space Invader PA_0798, 184 boulevard Saint-Germain",48.854443,2.331097
"Space Invader PA_0800, 56bis rue du Louvre",48.86583,2.3435
"Space Invader PA_0801, maison de Serge Gainsbourg",48.85719,2.33175
"Space Invader PA_0802, 27 rue du Four",48.85263,2.33386
"Space Invader PA_0803, entrÃ©e de la Cour du Commerce Saint-AndrÃ©",48.852498,2.339247
"Space Invader PA_0809, 7 rue Lasson",48.843246,2.406068
"Space Invader PA_0810, 1 passage Turquetil",48.850527,2.392899
"Space Invader PA_0811, Est de la fontaine de Montreuil",48.850359,2.383073
"Space Invader PA_0812, 12bis rue de Cotte",48.8493,2.3777
"Space Invader PA_0813, passerelle Richerand",48.87185,2.365215
"Space Invader PA_0814, 10 rue du Ponceau",48.86688,2.35142
"Space Invader PA_0815, 15 rue du Renard",48.858605,2.35195
"Space Invader PA_0816, ancienne gare maritime Sully-Morland",48.85227,2.360164
"Space Invader PA_0817, 1 rue Saint-Blaise",48.860202,2.404223
"Space Invader PA_0818, 68 rue Saint-Sabin",48.859604,2.368528
"Space Invader PA_0819, 2 rue Bailleul",48.860951,2.34241
"Space Invader PA_0820, 10 rue de Bretagne",48.862364,2.363723
"Space Invader PA_0821, Ã©dicule EDF face au 81 boulevard de Charonne",48.854407,2.395969
"Space Invader PA_0822, 2 rue de Lesseps",48.858452,2.400672
"Space Invader PA_0823, 145 avenue Jean JaurÃ¨s",48.8867,2.38499
"Space Invader PA_0825, 186 rue de Paris",48.855796,2.423043
"Space Invader PA_0826, 22 rue Denoyez",48.872319,2.378194
"Space Invader PA_0827, 1 bis rue des Rondonneaux",48.863391,2.399423
"Space Invader PA_0828, 38 rue de Terre Neuve",48.854764,2.399058
"Space Invader PA_0829, 104 rue de Buzenval",48.855099,2.398948
"Space Invader PA_0830, 68 rue des Orteaux",48.856031,2.405892
"Space Invader PA_0831, mÃ©tro Buzenval",48.851954,2.401255
"Space Invader PA_0832, 100 rue de la RÃ©union",48.857551,2.399387
"Space Invader PA_0833, dans l'Abribus",48.857411,2.399298
"Space Invader PA_0834, entrÃ©e du PÃ¨re Lachaise",48.85837,2.39874
"Space Invader PA_0835, 13 rue de Lasseps",48.85916,2.39961
"Space Invader PA_0836, 11 passage ThiÃ©rÃ©",48.853818,2.374087
"Space Invader PA_0837, 53bis rue de la Roquette",48.855904,2.375263
"Space Invader PA_0838, 113 boulevard de Charonne",48.85637,2.39423
"Space Invader PA_0839, 20 rue de la Grande Truanderie",48.862906,2.348743
"Space Invader PA_0841, 4 rue Marie Stuart",48.864981,2.348423
"Space Invader PA_0842 & PA_1040, 32 rue Saint-Roch",48.866503,2.333121
"Space Invader PA_0843, 246 rue de Rivoli",48.866059,2.32519
"Space Invader PA_0844 & PA_0918, 20 rue de Courcelles",48.87421,2.31016
"Space Invader PA_0845, 73 rue La BoÃ©tie",48.872463,2.30986
"Space Invader PA_0846, 4 rue de RÃ©aumur",48.864751,2.359575
"Space Invader PA_0847, mÃ©tro Volontaires",48.841557,2.307994
"Space Invader PA_0848, 1 rue de l'Armorique",48.84012,2.31498
"Space Invader PA_0849, 3 rue du Maine",48.840532,2.323702
"Space Invader PA_0850, 1 rue Poinsot",48.84065,2.32324
"Space invader PA_0851, 14 Bis rue de la Grande ChaumiÃ¨re",48.842183,2.330338
"Space Invader PA_0852, 10 rue Saint-Maur",48.859408,2.38287
"Space Invader PA_0853, 12 rue de la Grange aux Belles",48.873725,2.365062
"Space Invader PA_0854, 1 rue de Tombouctou",48.884381,2.356058
"Space Invader PA_0855, 75 rue Lepic",48.887443,2.335894
"Space Invader PA_0856, rue Saint-Eleuthere",48.88653,2.34136
"Space Invader PA_0857, sud-ouest de la place du Tertre",48.88637,2.340571
"Space Invader PA_0858, 1 rue la BruyÃ¨re",48.878807,2.336978
"Space Invader PA_0859, 1 rue de la Lune",48.869763,2.351582
"Space Invader PA_0860, 1 rue de l'Oratoire",48.86133,2.339842
"Space Invader PA_0861, 30 passage Saint-Sebastien",48.861853,2.37005
"Space Invader PA_0862, 127 rue du Faubourg Saint-HonorÃ©",48.873264,2.309465
"Space Invader PA_0863, statue derriÃ¨re le stade Charlety",48.816734,2.347442
"Space Invader PA_0864, 32 place Saint-Georges",48.878599,2.337431
"Space Invader PA_0865, 53 rue Blanche",48.881236,2.331532
"Space Invader PA_0866, 0 rue Paul Escudier",48.880597,2.331499
"Space Invader PA_0867, 30 boulevard de Courcelles",48.880949,2.312029
"Space Invader PA_0868, 1 boulevard Malsherbes",48.86979,2.32322
"Space Invader PA_0869, quai de Valmy",48.871945,2.364654
"Space Invader PA_0870, au dessus de chez Prune",48.8717,2.364576
"Space Invader PA_0871, 29 rue de Terre Neuve",48.854906,2.399089
"Space Invader PA_0872 & 1148, Le Point (pas si) EphÃ©mÃ¨re",48.881777,2.368809
"Space Invader PA_0873, rue du Chat qui PÃ¨che",48.85318,2.346164
"Space Invader PA_0874, 18 rue de la Huchette",48.85304,2.34564
"Space Invader PA_0875, 2 rue des Peupliers",48.825452,2.353816
"Space Invader PA_0877, 146 rue de Paris",48.856137,2.424849
"Space Invader PA_0878, 17 rue Payenne",48.858694,2.362751
"Space Invader PA_0879, 22 rue Saint-Sabin",48.856036,2.371354
"Space Invader PA_0880, 4 rue de Beaune",48.858934,2.329937
"Space Invader PA_0881, 20 rue du Bac",48.85819,2.32827
"Space Invader PA_0882, 29 boulevard Jules Ferry",48.868625,2.366984
"Space Invader PA_0883, 3 rue Curial",48.889524,2.371311
"Space Invader PA_0884, 205 rue La Fayette",48.88157,2.365937
"Space Invader PA_0885, 36 rue Brey",48.877328,2.29472
"Space Invader PA_0886, 43 rue Saint-Bernard",48.853537,2.380393
"Space Invader PA_0887, sur le bastion de Bercy",48.828006,2.389592
"Space Invader PA_0888, 21 rue de la Roquette",48.854688,2.372167
"Space Invader PA_0889, 34 rue Mathis",48.89116,2.373707
"Space Invader PA_0890, 175bis rue Championnet",48.894525,2.334337
"Space Invader PA_0891, 59 rue Legendre",48.886024,2.317294
"Space Invader PA_0892, 7 avenue Myron Herrick",48.873719,2.309874
"Space Invader PA_0893, 6 rue des Pyramides",48.864492,2.332738
"Space Invader PA_0894, 11 rue Saint-Augustin",48.868841,2.337102
"Space Invader PA_0895, place Auguste Baron",48.900435,2.387233
"Space Invader PA_0896, 23 avenue du Docteur Lannelongue",48.81901,2.3294
"Space Invader PA_0897, 1 boulevard Gabriel PÃ©ri",48.819408,2.295427
"Space Invader PA_0900, place Pigalle",48.882134,2.337751
"Space Invader PA_0901, 1 rue LÃ©on Delhomme",48.838477,2.300103
"Space Invader PA_0902, 17 rue de Cambronne",48.846342,2.301983
"Space Invader PA_0903, 15 rue Cardinet",48.881567,2.301958
"Space Invader PA_0904, 23 rue d'Aligre",48.849948,2.37878
"Space Invader PA_0906, 9 rue de la Goutte d'Or",48.885039,2.354615
"Space Invader PA_0908, 10 citÃ© Beauharnais",48.853621,2.38963
"Space Invader PA_0910, 72 avenue Jean JaurÃ¨s",48.903461,2.391909
"Space Invader PA_0911, 7Z place Auguste Baron",48.90018,2.38639
"Space Invader PA_0912, pont de Soissons",48.915428,2.357463
"Space Invader PA_0913, 42 avenue Michelet",48.910287,2.34409
"Space Invader PA_0914, 103,5 rue Baudin",48.900339,2.292583
"Space Invader PA_0915, 69 rue Anatole France",48.891474,2.285538
"Space Invader PA_0916, 14 rue Bayen",48.87954,2.294866
"Space Invader PA_0917, 2 rue de Fourcroy",48.87987,2.295
"Space Invader PA_0919, 12 rue FranÃ§aise",48.864308,2.347732
"Space Invader PA_0920, 41 boulevard Edouard Branly",48.875313,2.440717
"Space Invader PA_0921, pont de Bercy/quai de Bercy",48.838591,2.375702
"Space Invader PA_0922, pont de Bercy/quai d'Austerlitz",48.837552,2.374027
"Space Invader PA_0923, face au 36 rue Coriolis",48.836981,2.390012
"Space Invader PA_0924, 56 quai de la RapÃ©e",48.842509,2.37178
"Space Invader PA_0925, 17 boulevard Morland",48.850165,2.362963
"Space Invader PA_0926, 149 rue Saint-Martin",48.861722,2.3516
"Space Invader PA_0929, 1 rue du GÃ©nÃ©ral Leclerc",48.815316,2.360387
"Space Invader PA_0930, 8 rue de TrÃ©vise",48.873136,2.345165
"Space Invader PA_0931, 2 rue Ambroise Thomas",48.874087,2.347349
"Space Invader PA_0932, ThÃ©Ã¢tre de la Renaissance",48.869025,2.356239
"Space Invader PA_0933, 11ter rue d'AlÃ©sia",48.827162,2.336602
"Space Invader PA_0934, 76 rue de VouillÃ©",48.833181,2.310077
"Space Invader PA_0935, 2 rue Cambronne",48.847476,2.301551
"Space Invader PA_0936, boulevard de l'HÃ´pital sous le mÃ©tro",48.841776,2.363471
"Space Invader PA_0937, face au 80 boulevard Auguste Blanqui",48.830319,2.346681
"Space Invader PA_0938, face au 91 boulevard Auguste Blanqui",48.830237,2.346628
"Space Invader PA_0939, mÃ©tro Denfert-Rochereau",48.834147,2.33202
"Space Invader PA_0941, 103 rue Cambronne",48.841811,2.303352
"Space Invader PA_0942, 2 passage Foubert",48.825857,2.352675
"Space Invader PA_0943, entrÃ©e des Frigos",48.831301,2.37904
"Space Invader PA_0944, 10 rue Faidherbe",48.850812,2.384482
"Space Invader PA_0945, 81 rue de la Folie MÃ©ricourt",48.866294,2.369865
"Space Invader PA_0946, 1 rue de Metz",48.870725,2.35482
"Space Invader PA_0947, 105 rue du Faubourg Saint-Denis",48.875181,2.355805
"Space Invader PA_0948, 33 rue du Faubourg Saint-Denis",48.87101,2.35325
"Space Invader PA_0949, 1 rue Joseph Liouville",48.844942,2.297832
"Space Invader PA_0950, mÃ©tro Dupleix",48.850446,2.293254
"Space Invader PA_0951, face au 75 boulevard de Grenelle",48.850322,2.294131
"Space Invader PA_0952, 4 rue du Chevalier de Saint-Georges",48.868124,2.324819
"Space Invader PA_0953, 9 rue du PlÃ¢tre",48.859264,2.354778
"Space Invader PA_0955, 12 rue BÃ©ranger",48.86588,2.36391
"Space Invader PA_0956, 5 rue Papin",48.866906,2.353345
"Space Invader PA_0957, 86 Quai de la RapÃ©e",48.844588,2.368976
"Space Invader PA_0958, 255 rue de Charenton",48.836181,2.392206
"Space Invader PA_0959, 1 rue du Forez",48.863771,2.362772
"Space Invader PA_0960, 141 boulevard Philippe Auguste",48.858285,2.389569
"Space Invader PA_0961, 2 rue Trousseau",48.85078,2.37858
"Space Invader PA_0962, mÃ©tro Porte des Lilas",48.876826,2.406605
"Space Invader PA_0963, 41 boulevard du Temple",48.866341,2.364533
"Space Invader PA_0965, statue de Paris du pont du Carrousel",48.858728,2.332779
"Space Invader PA_0966, pont de Bir-Hakeim",48.855595,2.287752
"Space Invader PA_0967, 105 quai Branly",48.854678,2.289107
"Space Invader PA_0968, nord du pont de Bir-Hakeim",48.856601,2.28661
"Space Invader PA_0969, Statue de la LibertÃ©",48.849996,2.27966
"Space Invader PA_0970, allÃ©e des Cygnes",48.850592,2.28058
"Space Invader PA_0971, 1 rue du Saint-Gothard",48.830178,2.334976
"Space Invader PA_0972, 22 rue Bernard Lecache",48.846276,2.415351
"Space Invader PA_0973 PA_0974 & PA_0975, entrÃ©e du square Emile Chautemps",48.8672,2.353292
"Space Invader PA_0976, 130 rue Montmartre",48.868233,2.343669
"Space Invader PA_0977, passage Basfour",48.86606,2.351805
"Space Invader PA_0978, 28 rue Montorgueil",48.863739,2.346475
"Space Invader PA_0979, pont de Sully cÃ´tÃ© rive Droite",48.850876,2.361237
"Space Invader PA_0980, sous le pont du boulevard de Bercy",48.839793,2.383141
"Space Invader PA_0981, place du Colonel Bourgouin",48.845118,2.383271
"Space Invader PA_0983, rue Mondoville",48.865966,2.406642
"Space Invader PA_0984, 1 place Rhin et Danube",48.882183,2.392771
"Space Invader PA_0985, 52 boulevard SÃ©rurier",48.879782,2.399501
"Space Invader PA_0986, face Ã  la rue du Tunnel",48.87939,2.38444
"Space Invader PA_0987, 39 quai de la Loire",48.8875,2.378722
"Space Invader PA_0988, mÃ©tro BarbÃ¨s-Rochechouart",48.883751,2.350654
"Space Invader PA_0989, 2 rue de l'Ã‰vangile",48.89142,2.361296
"Space Invader PA_0990, mÃ©tro La Chapelle",48.884479,2.360347
"Space Invader PA_0991, 33 boulevard de la Villette",48.87414,2.37435
"Space Invader PA_0993, entrÃ©e du pÃ©riphÃ©rique porte des Lilas",48.876705,2.408995
"Space Invader PA_0994, 0 boulevard Duaumont",48.896963,2.310692
"Space Invader PA_0995, place du Docteur FÃ©lix Lobligeois",48.886437,2.31856
"Space Invader PA_0996, face au 89 avenue des Ternes",48.879968,2.287779
"Space Invader PA_0997, 61 rue Quincampoix",48.861738,2.350808
"Space Invader PA_0998, impasse des Peintres",48.863976,2.350135
"Space Invader PA_0999, 136 rue de la Roquette",48.857783,2.380989
"Space Invader PA_1000 & PA_1001, dans le hall de la GÃ©nÃ©rale",48.859588,2.379518
"Space Invader PA_1002, bretelle d'autoroute A86/N406, face au Castorama de CrÃ©teil",48.77895,2.4408
"Space Invader PA_1004, 66 rue de Courcelles",48.877676,2.306245
"Space Invader PA_1005, 89 rue Oberkampf",48.865237,2.375371
"Space Invader PA_1006, 9 rue BergÃ¨re",48.872126,2.346739
"Space Invader PA_1007, 11 rue Drouot",48.873453,2.340495
"Space Invader PA_1008, 75 rue de Richelieu",48.868701,2.33839
"Space Invader PA_1009, 1 boulevard de MÃ©nilmontant",48.85849,2.38921
"Space Invader PA_1010, 1 Rue Carducci",48.87723,2.387829
"Space Invader PA_1011, 1 rue Martel",48.873463,2.352622
"Space Invader PA_1012, 32 rue de Rochechouart",48.878535,2.345251
"Space Invader PA_1014, 10 rue Paul Bert",48.8516,2.384666
"Space Invader PA_1015, 29 rue de la Villette",48.876297,2.387547
"Space Invader PA_1016, 34 rue de CrimÃ©e",48.87905,2.390206
"Space Invader PA_1017, 86 rue de la Villette",48.878821,2.388289
"Space Invader PA_1018, place Paul Eluard",48.889951,2.360135
"Space Invader PA_1019, 23 rue des Vinaigriers",48.8731,2.363303
"Space Invader PA_1020, 86 rue Championnet",48.895858,2.343033
"Space Invader PA_1021, 1 impasse Robert",48.895526,2.338842
"Space Invader PA_1022, 27 rue FrancÅ“oeur",48.890852,2.340473
"Space Invader PA_1024, 198 rue du Faubourg Saint-Antoine",48.85006,2.384156
"Space Invader PA_1025, 5 place Saint-Augustin",48.875058,2.319318
"Space Invader PA_1026, 52 Grande Rue Charles-de-Gaulle",48.837786,2.521098
"Space Invader PA_1027, CitÃ© Aubry",48.856768,2.395604
"Space Invader PA_1028, 9 rue des Maronites",48.868194,2.383677
"Space Invader PA_1030, 41 rue des Bourdonnais",48.86058,2.345563
"Space Invader PA_1031, face Ã  un entrepÃ´t abandonnÃ©",48.90066,2.38924
"Space Invader PA_1032, 51 rue de Turenne",48.858224,2.364399
"Space Invader PA_1033, 1 boulevard des Filles du Calvaire",48.861085,2.36695
"Space Invader PA_1034, 48 rue Saint-HonorÃ©",48.86119,2.344233
"Space Invader PA_1035, 14 rue Jean-Baptiste Berlier",48.825751,2.383472
"Space Invader PA_1036, 144 boulevard MassÃ©na",48.819469,2.361984
"Space Invader PA_1037, 84 avenue d'Italie",48.825982,2.357178
"Space Invader PA_1038, 5 rue Pajou",48.856784,2.272968
"Space Invader PA_1039, 1 impasse Delaunay",48.854947,2.386129
"Space Invader PA_1041, rond-point d'Espagne",48.754462,2.375199
"Space Invader PA_1042, A86 cÃ´tÃ© cimetiÃ¨re nouveau de Vitry",48.773999,2.403205
"Space Invader PA_1043, A86 cÃ´tÃ© cimetiÃ¨re communal de Choisy",48.773718,2.403313
"Space Invader PA_1044, Ã©changeur porte d'Italie",48.816089,2.35889
"Space Invader PA_1045, 3 rue de la Chine",48.864685,2.401248
"Space Invader PA_1046, 22 rue RÃ©aumur",48.865017,2.358505
"Space Invader PA_1047, 88ter avenue Parmentier",48.865495,2.374638
"Space Invader PA_1048, Autoroute du Soleil",48.765394,2.34389
"Space Invader PA_1050, 191 rue du Faubourg PoissonniÃ¨re",48.883048,2.349524
"Space Invader PA_1051, 22 rue Dauphine",48.855152,2.339623
"Space Invader PA_1052, rue du Chevalier de la Barre",48.887431,2.347243
"Space Invader PA_1053, 8 place des Abbesses",48.884115,2.33884
"Space Invader PA_1054, 26 rue Chanzy",48.85264,2.385094
"Space Invader PA_1055, bretelle de sortie de l'autoroute de l'Est",48.82677,2.466303
"Space Invader PA_1058, 24 rue des Petits Champs",48.86687,2.336551
"Space Invader PA_1059, 54 rue de Seine",48.853931,2.336917
"Space Invader PA_1060, villa de Guelma",48.882709,2.336903
"Space Invader PA_1061, 29 rue ramey",48.888662,2.34657
"Space Invader PA_1063, 28 rue des Archives",48.858213,2.355071
"Space Invader PA_1064, 16 rue Froissart",48.861797,2.365288
"Space Invader PA_1065, 59 rue au Maire (Simpson)",48.864989,2.354527
"Space Invader PA_1066, McDo de la porte de Bagnolet",48.864658,2.408417
"Space Invader PA_1067, 1 rue de la FidÃ©litÃ©",48.874683,2.356845
"Space Invader PA_1068, 39 rue de Bretagne",48.862872,2.362363
"Space Invader PA_1069, 121 rue des Amandiers",48.868221,2.388062
"Space Invader PA_1070, pavillon Saint-Louis",48.848529,2.398585
"Space Invader PA_1071, 58 rue d'Anjou",48.873677,2.322444
"Space Invader PA_1072, 32 rue Pasquier",48.873321,2.323701
"Space Invader PA_1073, 41 rue de PenthiÃ¨vre",48.872287,2.313515
"Space Invader PA_1074, 22 rue du Cirque",48.871275,2.315733
"Space Invader PA_1075, 158 boulevard Saint-Germain",48.85321,2.33609
"Space Invader PA_1076, MarchÃ© Saint-Germain",48.851785,2.336608
"Space Invader PA_1077, 65 rue des Abbesses",48.885708,2.334902
"Space Invader PA_1080, Espace Pierre Cardin",48.867372,2.319147
"Space Invader PA_1082, place d'Aligre",48.848875,2.378264
"Space Invader PA_1084, 36 rue du Faubourg Saint-Martin",48.870268,2.356426
"Space Invader PA_1085, ancien Couvent des RÃ©collets",48.875807,2.360599
"Space Invader PA_1086, 2 rue des Anglais",48.851037,2.347996
"Space Invader PA_1087, 1 rue de la Huchette",48.852782,2.346484
"Space Invader PA_1088, 77 rue Buffon",48.841155,2.356097
"Space Invader PA_1089, 79 rue de la BoÃ©tie",48.872053,2.308972
"Space Invader PA_1090, mÃ©tro Stalingrad",48.884271,2.365263
"Space Invader PA_1091, fontaine du Conservatoire Municipal du 19e",48.882881,2.371915
"Space Invader PA_1092, 18-20 rue Pradier",48.875669,2.382055
"Space Invader PA_1093, CitÃ© de la Mode et du Design",48.840818,2.369772
"Space Invader PA_1094, 132 rue Vieille du Temple",48.861817,2.364411
"Space Invader PA_1095, 18ter rue Jaucourt",48.847363,2.395058
"Space Invader PA_1096, 18 rue des Lilas ou presque",48.869639,2.43046
"Space Invader PA_1097, 20 rue du Louvre",48.861527,2.34125
"Space Invader PA_1098, 1 citÃ© Voltaire",48.852527,2.389316
"Space Invader PA_1100, Ã  gauche de la Fontaine MoliÃ¨re",48.865444,2.336659
"Space Invader PA_1101, 7 avenue Matignon",48.869977,2.311583
"Space Invader PA_1102, place de Thorigny",48.858905,2.362321
"Space Invader PA_1103, 3 passage du Moulin des PrÃ©s",48.829159,2.353403
"Space Invader PA_1104, 68 rue Jenner",48.834243,2.364409
"Space Invader PA_1105, 16 boulevard de la Chapelle",48.884592,2.363443
"Space Invader PA_1106, 1 rue Ferdinand Flocon",48.890901,2.345418
"Space Invader PA_1107, place Saint-AndrÃ© des Arts",48.853257,2.342696
"Space Invader PA_1108, 98 rue de Tolbiac",48.826848,2.363756
"Space Invader PA_1109, 51 avenue d'Ivry",48.82331,2.365508
"Space Invader PA_1110, direction de la Voirie et des DÃ©placements",48.845788,2.413853
"Space Invader PA_1111, 80 avenue Charles de Gaulle",48.881673,2.271323
"Space Invader PA_1112, place de l'Iris",48.889849,2.250182
"Space Invader PA_1113, 6 place de Stalingrad",48.882934,2.239863
"Space Invader PA_1114, impasse de la DÃ©fense",48.885113,2.326865
"Space Invader PA_1115, 208 rue de la Roquette",48.8597,2.388525
"Space Invader PA_1116, 74 rue d'Avron",48.852293,2.40426
"Space Invader PA_1117, Terminal 2D Porte 6",49.00441,2.567216
"Space Invader PA_1118, boulevard Gabriel PÃ©ri sous le pÃ©riph'",48.877504,2.477093
"Space Invader PA_1119, 29 avenue de la RÃ©publique",48.862546,2.415945
"Space Invader PA_1120, 84 rue de Picpus",48.84101,2.398884
"Space Invader PA_1121, 52 cours de Vincennes",48.847343,2.40358
"Space Invader PA_1122, avenue Corentin Cariou",48.89626,2.384498
"Space Invader PA_1123, 1 rue Santos-Dumont",48.834196,2.305686
"Space Invader PA_1124, 11 rue Chauchat",48.873141,2.339479
"Space Invader PA_1125, 88 rue de Provence",48.874285,2.330577
"Space Invader PA_1126, 27 place de la Madeleine",48.871175,2.324306
"Space Invader PA_1127, 10 rue du Roi DorÃ©",48.860227,2.363758
"Space Invader PA_1128, 112 rue des PyrÃ©nÃ©es",48.85681,2.40473
"Space Invader PA_1129, 19 rue Parrot",48.847182,2.375001
"Space Invader PA_1130, face au 194 rue de Bercy",48.84454,2.372361
"Space Invader PA_1131, est de la Fontaine au Lions",48.839617,2.395918
"Space Invader PA_1132, 26 rue Coriolis",48.836388,2.390802
"Space Invader PA_1133, 19 rue Montera",48.84537,2.40917
"Space Invader PA_1134, 74 rue de Tolbiac",48.827182,2.366977
"Space Invader PA_1135, 36 rue Tillier",48.849242,2.38951
"Space Invader PA_1136, 18 rue Coriolis",48.835882,2.391304
"Space Invader PA_1137, pont Delizy",48.895025,2.40982
"Space Invader PA_1138, 112 avenue du GÃ©nÃ©ral Leclerc",48.898349,2.406627
"Space Invader PA_1139, 93 rue de Belleville",48.874031,2.385394
"Space Invader PA_1140, 10 rue Villedo",48.866469,2.335957
"Space Invader PA_1141, Agence Spatiale EuropÃ©enne",48.848419,2.304209
"Space Invader PA_1142, 8 rue de la Plaine",48.849797,2.400222
"Space Invader PA_1143, place du GÃ©nÃ©ral Patton",48.875841,2.286832
"Space Invader PA_1144, 18 rue Piccini",48.874751,2.284192
"Space Invader PA_1145, 1 rue de la Croix Jarry",48.826858,2.382021
"Space Invader PA_1146, 154 rue du Chemin Vert",48.86275,2.387093
"Space Invader PA_1147, pont de la Grange aux Belles",48.873024,2.363929
"Space Invader PA_1149, 42 boulevard de Charonne",48.851057,2.398819
"Space Invader PA_1150, quai Saint-Bernard",48.844928,2.364385
"Space Invader PA_1151, mÃ©tro Tuileries",48.86423,2.33027
"Space Invader PA_1152, village Saint-Paul",48.853332,2.36127
"Space Invader PA_1153, 87 rue Saint-Antoine",48.854585,2.3626
"Space Invader PA_1154, 0 rue LÃ©on Jouhaux",48.868562,2.363243
"Space Invader PA_1155, pont piÃ©ton de la rue Lucien Lambeau",48.857685,2.414452
"Space Invader PA_1156, 12 rue Vieille du Temple",48.856563,2.356857
"Space Invader PA_1157, 81 rue de Beaubourg",48.86391,2.354822
"Space Invader PA_1158, 33 boulevard de Charonne",48.851158,2.398184
"Space Invader PA_1159, 6 place des Ternes",48.87847,2.298683
"Space Invader PA_1160, 165 rue du Faubourg Saint-HonorÃ©",48.874707,2.305867
"Space Invader PA_1161, 42 rue des Francs-Bourgeois",48.858606,2.359031
"Space Invader PA_1162, 14 rue des PrÃ©cheurs",48.862045,2.34868
"Space Invader PA_1163, 8 place Jacques Bonsergent",48.871181,2.36107
"Space Invader PA_1164, 130 avenue de Wagram",48.885151,2.303648
"Space Invader PA_1165, 48 rue du Caire",48.868077,2.348778
"Space Invader PA_1166, 1 quai de Bourbon",48.852446,2.35698
"Space Invader PA_1167, 84 rue Bonaparte",48.849736,2.332597
"Space Invader PA_1168, 1 rue Verniquet",48.886756,2.300392
"Space Invader PA_1169, 6 avenue de la Porte de la Chapelle",48.89895,2.359518
"Space Invader PA_1170, 45 rue des Gravilliers",48.864156,2.355424
"Space Invader PA_1171, 68 rue de la Montagne Sainte-GeneviÃ¨ve",48.846868,2.347805
"Space Invader PA_1172, 93 rue de la Verrerie",48.858828,2.350647
"Space Invader PA_1173, terrasse du Wanderlust",48.840096,2.371144
"Space Invader PA_1174, 14 rue des Fonds-Verts",48.83699,2.391172
"Space Invader PA_1175, 2 rue Rodier",48.877413,2.342371
"Space Invader PA_1176, 5 rue Rodier",48.877403,2.342256
"Space Invader PA_1177, Agence France Presse",48.868795,2.340272
"Space Invader PA_1178, 82 boulevard MassÃ©na",48.82156,2.368532
"Space Invader PA_1179, 213 boulevard Vincent Auriol",48.830787,2.356652
"Space Invader PA_1180, 47 avenue des Gobelins",48.835102,2.353336
"Space Invader PA_1181, 58 rue Caumartin",48.874815,2.328576
"Space Invader PA_1182, 22 rue Guersant",48.880838,2.290073
"Space Invader PA_1183, 9 rue Marsoulan",48.845604,2.402938
"Space Invader PA_1184, croisement E50/A6B",48.762395,2.340419
"Space Invader PA_1185, 59 rue de Charonne",48.853446,2.379467
"Space Invader PA_1186, 32 impasse de la Confiance",48.853717,2.399535
"Space Invader PA_1187, 89 rue AndrÃ© Joineau",48.882103,2.402702
"Space Invader PA_1188, 81 rue d'Assas",48.842502,2.334858
"Space Invader PA_1189, 43 rue LacÃ©pÃ¨de",48.844147,2.350387
"Space Invader PA_1190, 2 rue Princesse Leia",48.852589,2.334419
"Space Invader PA_1191, 1192, 1193, 1194 & 1195, le long de la D126B",48.814755,2.355387
"Space Invader PA_1196, 2 impasse Mathieu",48.8411,2.313336
"Space Invader PA_1197, 6 rue de l'ArrivÃ©e",48.843878,2.322431
"Space Invader PA_1198, 145 boulevard Raspail",48.842276,2.329685
"Space Invader PA_1199, Poterne des Peupliers",48.821567,2.352432
"Space Invader PA_1200, 35 rue de la BÃ»cherie",48.852528,2.347302
"Space Invader PA_1201, 14 rue Ternaux",48.86438,2.37326
"Space Invader PA_1202, 129 avenue de Wagram",48.883249,2.301697
"Space Invader PA_1203, 64 rue Monsieur le Prince",48.847823,2.340895
"Space Invader PA_1204, 61 rue d'Avron",48.852275,2.403237
"Space Invader PA_1205, bÃ¢timent Marguerite Bottard",48.835457,2.368736
"Space Invader PA_1206, 22 avenue de la RÃ©publique",48.866206,2.368824
"Space Invader PA_1207, 31 rue Lucien Sampaix",48.873118,2.361351
"Space Invader PA_1208, 35 rue Castagnary",48.833951,2.30942
"Space Invader PA_1209, 99 boulevard Saint-Germain",48.85219,2.338901
"Space Invader PA_1210, 3 rue Saint-Augustin",48.86885,2.337762
"Space Invader PA_1211, 1 passage MondÃ©sir",48.865411,2.385035
"Space Invader PA_1212, 16 place Jacques Bonsergent",48.87139,2.36078
"Space Invader PA_1213, 4 rue Berger",48.86088,2.34856
"Space Invader PA_1214, 42 rue Leroy DuprÃ©",48.842979,2.401823
"Space Invader PA_1215, 3 rue Danielle Casanova",48.86757,2.33329
"Space Invader PA_1216, 1 rue Duret",48.873466,2.285079
"Space Invader PA_1217, pont de la Concorde",48.863861,2.320227
"Space Invader PA_1218, 2 rue Mathys",48.89067,2.37648
"Space Invader PA_1219, 261 rue de Belleville",48.87559,2.39896
"Space Invader PA_1220, 7 rue d'Enghien",48.871694,2.352584
"Space Invader PA_1221, place Benjamin Fondane",48.84453,2.351911
"Space Invader PA_1222, 90 avenue de la RÃ©publique",48.863935,2.380904
"Space Invader PA_1223, 1 place de Passy",48.85785,2.27793
"Space Invader PA_1224, 57 avenue du docteur Netter",48.844904,2.405649
"Space Invader PA_1225 & 1226, 100 cours de Vincennes",48.84691,2.40845
"Space Invader PA_1227, 129 coulÃ©e verte RenÃ©-Dumont",48.844418,2.381721
"Space Invader PA_1228, 22 rue Watteau",48.834496,2.357361
"Space Invader PA_1229, 62 rue Lamartine",48.876716,2.339576
"Space Invader PA_1230, 7 rue Lafayette",48.873571,2.334758
"Space Invader PA_1231 & 1237, 200 avenue Jean JaurÃ¨s",48.888359,2.392077
"Space Invader PA_1232, 102 rue du Mont Cenis",48.8953,2.34591
"Space Invader PA_1233, 2 rue des Poissonniers",48.88558,2.34984
"Space Invader PA_1234, ObÃ©lisque de Villeneuve-le-Comte",48.79161,2.86916
"Space Invader PA_1235 & 1236, 72 rue Claude Bernard",48.840436,2.346044
"Space Invader PA_1238, CimetiÃ¨re de la Courneuve",48.936142,2.40488
"Space Invader PA_1239, 54 avenue Paul Vaillant Couturier",48.920939,2.411101
"Space Invader PA_1240, 114 boulevard Vincent Auriol",48.83349,2.36299
"Space Invader PA_1241, 1 quai de la Tournelle",48.849604,2.355828
"Space Invader PA_1242, 26 rue de la Plaine",48.84986,2.402556
"Space Invader PA_1243, 15 boulevard de MÃ©nilmontant",48.859383,2.388855
"Space Invader PA_1244, 4 rue Oberkampf",48.86267,2.36748
"Space Invader PA_1245, pont de la Tournelle",48.85012,2.35524
"Space Invader PA_1246, 12 pont Saint-Louis",48.85283,2.352059
"Space Invader PA_1247, HÃ´pital Robert DebrÃ©",48.881194,2.402437
"Space Invader PA_1248, 101 boulevard Richard Lenoir",48.86411,2.37048
"Space Invader PA_1249, 24 rue de la Verrerie",48.857501,2.354399
"Space Invader PA_1250, 176 rue de Bagnolet",48.864018,2.408127
"Space Invader PA_1251, 8 place Tristan Bernard",48.879424,2.29163
"Space Invader PA_1252, 110 rue Lauriston",48.866053,2.286101
"Space Invader PA_1253, 1 rue du Boccador",48.8659,2.303735
"Space Invader PA_1254, 23 rue Marbeuf",48.868783,2.303745
"Space Invader PA_1255, 5 place des Petits PÃ¨res",48.86657,2.34065
"Space Invader PA_1256, 29 rue des Petits HÃ´tels",48.87759,2.352
"Space Invader PA_1257, 1 avenue du PrÃ©sident Wilson",48.864625,2.300775
"Space Invader PA_1258, 13 rue de la Roquette",48.85416,2.37107
"Space Invader PA_1259, 39 boulevard Albert 1er",48.832738,2.493139
"Space Invader PA_1260, 8 rue de l'Amiral de Coligny",48.860761,2.34097
"Space Invader PA_1261, 73 boulevard de Bercy",48.838297,2.388899
"Space Invader PA_1262, 7 rue du Bouloi",48.863506,2.340478
"Space Invader PA_1263, Pont Neuf",48.85844,2.34213
"Space Invader PA_1264, MusÃ©e en Herbes",48.860166,2.342157
"Space Invader PA_1265, Centre Georges Pompidou",48.860307,2.352155
"Space Invader PA_1266, 41 rue Volta",48.866668,2.358042
"Space Invader PA_1267, 2 avenue de Bouvines",48.849561,2.395922
"Space Invader PA_1268, Pont-Neuf",48.858338,2.34264
"Space Invader PA_1269, 28 rue Sainte-Anne",48.866262,2.335576
"Space Invader PA_1270, passerelle du Bassin de la Villette",48.88649,2.37473
"Space Invader PA_1271, Square de la Fontaine",48.836064,2.483849
"Space Invader PA_1272, 1 rue VouillÃ©",48.835508,2.302815
"Space Invader PA_1273, 39 rue LinnÃ©",48.84598,2.35441
"Space Invader PA_1274, 10 square Desnouettes",48.834859,2.284039
"Space Invader PA_1275, 12 place d'Anvers",48.88263,2.3439
"Space Invader PA_1276, 21 place du Tertre",48.8867,2.34062
"Space Invader PA_1277, 52 rue Jean-Pierre Timbaud",48.86645,2.3729
"Space Invader PA_1278, 80 rue de Provence",48.874302,2.331238
"Space Invader PA_1279, 86 Boulevard Lefebvre",48.82879,2.29954
"Space Invader PA_1280, 14 rue de LÃ©vis",48.882183,2.31565
"Space Invader PA_1281, 2 rue des Fontaines du Temple",48.86545,2.36028
"Space Invader PA_1282, 106 avenue Auber",48.84608,2.42366
"Space Invader PA_1283, 3 rue des DÃ©chargeurs",48.85967,2.34593
"Space Invader PA_1284, pont ferroviaire",48.894141,2.304917
"Space Invader PA_1285, porte de Bagnolet",48.863176,2.413119
"Space Invader PA_1286, face au 72 rue de Rosny",48.86314,2.44873
"Space Invader PA_1287, 18 rue du Ravin",48.861909,2.423283
"Space Invader PA_1288, 5 quai de Loire",48.883774,2.371245
"Space Invader PA_1289 & PA_1290, place de l'Alma",48.864463,2.30079
"Space Invader PA_1291, 48 rue du Capitaine Dreyfus",48.859116,2.439633
"Space Invader PA_1292, 13 rue Darwin",48.890172,2.339008
"Space Invader PA_1293, 2 rue Titien",48.835936,2.358502
"Space Invader PA_1294, 34 rue de PenthiÃ¨vre",48.87243,2.31379
"Space Invader PA_1295, 4 place Edmond Michelet",48.86002,2.35008
"Space Invader PA_1296, 1 rue Albert Sorel",48.82371,2.32248
"Space Invader PA_1297, 89 rue de Reuilly",48.84447,2.39012
"Space Invader PA_1298, 1 avenue AndrÃ© Morizet",48.833676,2.243025
"Space Invader PA_1299, 42 rue Dauphine",48.854211,2.338847
"Space Invader PA_1300, Maison Internationale de sÃ©jour pour jeunes actifs",48.820773,2.375991
"Space Invader PA_1301, 11 rue FranÃ§ois de NeufchÃ¢teau",48.85615,2.38256
"Space Invader PA_1302, 1 rue Cail",48.88261,2.36154
"Space Invader PA_1303, 3 rue Saint-Claude",48.86007,2.36654
"Space Invader PA_1304 & 1305, 17 rue Monge",48.84787,2.35083
"Space Invader PA_1306, 46 avenue Pierre Brossolette",48.819987,2.310661
"Space Invader PA_1307, parc de Bercy",48.83654,2.37973
"Space Invader PA_1308, 103 avenue Edouard Vaillant",48.83359,2.24405
"Space Invader PA_1309, pont Mirabeau",48.846992,2.27452
"Space Invader PA_1310, 14 rue PenthiÃ¨vre",48.872937,2.316054
"Space Invader PA_1311, 15 rue Jean Nicot",48.860064,2.307714
"Space Invader PA_1312, 22 rue de la ComÃ¨te",48.85809,2.30925
"Space Invader PA_1313, 22 rue Duc",48.89254,2.341678
"Space Invader PA_1314, 139 rue Mouffetard",48.839807,2.349835
"Space Invader PA_1315, 142 avenue du GÃ©nÃ©ral Leclerc",48.823465,2.325342
"Space Invader PA_1316, 74 rue Baudricourt",48.824791,2.362316
"Space Invader PA_1317, 17 rue GÃ®t le CÅ“ur",48.853478,2.342471
"Space Invader PA_1318, 11 rue des Petites Ã‰curies",48.873174,2.353176
"Space Invader PA_1319, 1 rue de l'agent Bailly",48.878305,2.342657
"Space Invader PA_1320, 12 rue de la Tour d'Auvergne",48.87896,2.344649
"Space Invader PA_1321, 87 rue du Faubourg Montmartre",48.876741,2.348639
"Space Invader PA_1322, 53 rue du Faubourg Montmartre",48.875211,2.340823
"Space Invader PA_1323, square Sarah Bernhart",48.84958,2.403919
"Space Invader PA_1324, 4 rue Paradis",48.87452,2.35493
"Space Invader PA_1325, 56 rue de Paradis",48.87571,2.34906
"Space Invader PA_1326, 85 rue la Fayette",48.87706,2.34802
"Space Invader PA_1327, 84 rue de Hauteville",48.876683,2.35138
"Space Invader PA_1328, 27bis rue de Paradis",48.875096,2.351786
"Space Invader PA_1329, 2 rue Bleue",48.87586,2.34773
"Space Invader PA_1330, 20 rue Pirandello",48.836249,2.354942
"Space Invader PA_1331, 11 rue Henri Michaux",48.826936,2.354507
"Space Invader PA_1332, 46 rue des FossÃ©s Saint-Bernard",48.847532,2.353049
"Space Invader PA_1333, 10 rue de la Paix",48.868992,2.331137
"Space Invader PA_1334, 25 place VendÃ´me",48.868334,2.33012
"Space Invader PA_1336, 24 rue de Montreuil",48.8504,2.38552
"Space Invader PA_1337, 93 rue de Seine",48.852094,2.337119
"Space Invader PA_1338, 62 rue Mouffetard",48.84316,2.34947
"Space Invader PA_1339, 1 rue des Vignerons",48.84513,2.431637
"Space Invader PA_1340, 1 rue de Rochechouart",48.87657,2.3443
"Space Invader PA_1341, 40 avenue Aubert",48.847605,2.431089
"Space Invader PA_1342, place Joffre, allÃ©e Adrienne Lecouvreur",48.85396,2.30379
"Space Invader PA_1343, 72 boulevard de la Tour Maubourg",48.856405,2.309643
"Space Invader PA_1344, 26 rue Chanoinesse",48.85428,2.35011
"Space Invader PA_1345, 16 rue Jean-Baptiste Marty",48.82107,2.416826
"Space Invader PA_1346, pilier est du pont de l'Arsenal",48.849121,2.367468
"Space Invader PA_1347, 6 rue Notre-Dame-de-Nazareth",48.86697,2.36199
"Space Invader PA_1348, 39 rue du MarÃ©chal Leclerc",48.818205,2.424209
"Space Invader PA_1349, 51 rue de la Tombe Issoire",48.83023,2.33425
"Space Invader PA_1350, 133 rue de SÃ¨vres",48.847199,2.317914
"Space Invader PA_1351, 63 rue du Montparnasse",48.841848,2.325479
"Space Invader PA_1352, 117 avenue de Choisy",48.825731,2.360137
"Space Invader PA_1353, 9 rue Philippe de Champagne",48.832787,2.355016
"Space Invader PA_1354, 18 rue de l'Aqueduc",48.88067,2.360431
"Space Invader PA_1355, 85bis boulevard Magenta",48.877247,2.354811
"Space Invader PA_1356, 168 boulevard Diderot",48.847904,2.392827
"Space Invader PA_1357, 2 rue de Saint-Petersbourg",48.87968,2.32403
"Space Invader PA_1358, 3 rue Royer-Collard",48.845624,2.342319
"Space Invader PA_1359, place de la Sorbonne",48.848891,2.342013
"Space Invader PA_1360, 2 rue des FossÃ©s Saint-Jacques",48.846042,2.343019
"Space Invader PA_1361, 3 allÃ©e Verte",48.859462,2.370537
"Space Invader PA_1362, 2 rue des Boulets",48.849187,2.391903
"Space Invader PA_1363, 70 quai de la Loire",48.886605,2.377463
"Space Invader PA_1364, 2 rue Paul Bert",48.855164,2.419351
"Space Invader PA_1365, 14 quai de BÃ©thune",48.850272,2.358674
"Space Invader PA_1366, 90 avenue Ledru-Rollin",48.85137,2.37634
"Space Invader PA_1367, 160 boulevard Berthier",48.886719,2.29596
"Space Invader PA_1368, place FranÃ§ois Mitterrand",48.865088,2.443442
"Space Invader PA_1369, 52 avenue du PrÃ©sident Wilson",48.904005,2.359106
"Space Invader PA_1370, 1 rue Larrey",48.84147,2.353741
"Space Invader PA_1371, 107 rue de la GlaciÃ¨re",48.827832,2.342522
"Space Invader PA_1372, 64 rue Championnet",48.895855,2.346609
"Space Invader PA_1373, 20 rue Marie Stuart",48.865095,2.347384
"Space Invader PA_1374, 3 rue Clotilde de Vaux",48.85767,2.368618
"Space Invader PA_1375, 42 boulevard de MÃ©nilmontant",48.863173,2.387689
"Space Invader PA_1376, 1 rue du capitaine Roland Deplanque",48.80272,2.42844
"Space Invader PA_1377, 121 avenue de Saint-Ouen",48.8955,2.328048
"Space Invader PA_1378, rue des Caves du Roi",48.825606,2.207041
"Space Invader PA_1379, 5 avenue de l'Europe",48.82426,2.211876
"Space Invader PA_1380, 19 rue de la Harpe",48.852444,2.344784
"Space Invader PA_1381, passerelle rue de l'Ã‰pine",48.863603,2.425093
"Space Invader PA_1382, 160 rue des Rosiers",48.90133,2.34393
"Space Invader PA_1383, 2 boulevard de l'HÃ´pital",48.84314,2.36379
"Space Invader PA_1384, 25 rue Daubenton",48.841148,2.352861
"Space Invader PA_1385, 4 rue BoissiÃ¨re",48.865518,2.293006
"Space Invader PA_1386, 3 rue Henri Mayer",48.827843,2.275555
"Space Invader PA_1387, 52 avenue Pierre Brossolette",48.820094,2.310909
"Space Invader PA_1388, face Ã  la gare de Meudon - Val-Fleury",48.80819,2.241036
"Space Invader PA_1389, Ã  l'est du viaduc rue de Paris",48.813576,2.246601
"Space Invader PA_1390, 5 rue Rouget de Lisle",48.829516,2.262607
"Space Invader PA_1391, 31 rue Descartes",48.813413,2.389114
"Space Invader PA_1392, 8 rue d'Hauteville",48.871013,2.34982
"Space Invader PA_1393, 13 rue Marat",48.81102,2.384178
"Space Invader PA_1394, 27 rue des Moines",48.889173,2.319612
"Space Invader PA_1395, 44 rue Montorgueil",48.864532,2.346783
"Space Invader PA_1396, 96 boulevard Berthier",48.890105,2.303452
"Space Invader PA_1397, 2 rue d'Aguesseau",48.869855,2.319257
"Space Invader PA_1398, 157 rue Cardinet",48.891203,2.317949
"Space Invader PA_1399, 24 rue Vauvenargues",48.89351,2.33337
"Space Invader PA_1400, sur l'atelier de maintenance de la ligne 7",48.816723,2.364213
"Space Invader PA_1401, face Ã  l'immeuble Belledonne",48.852234,2.48951
"Space Invader PA_1402, 52 rue des BruyÃ¨res",48.876339,2.414624
"Space Invader PA_1403, 50 avenue Pierre Grenier",48.832218,2.25343
"Space Invader PA_1404, 14 boulevard Diderot",48.845257,2.370876
"Space Invader PA_1405, autoroute de l'Est/N486",48.830569,2.492884
"Space Invader PA_1406, 11 rue TarbÃ©",48.886993,2.313772
"Space Invader PA_1407, 75 rue Saint-Jacques",48.849721,2.345072
"Space Invader PA_1408, derriÃ¨re le square Charles-Hermite",48.900471,2.367302
"Space Invader PA_1409, 63 rue Gabriel PÃ©ri",48.81045,2.3502
"Space Invader PA_1410, 82 rue Nollet",48.887532,2.320344
"Space Invader PA_1411, 98 avenue Paul Doumer",48.85871,2.2757
"Space Invader PA_1412, 34 boulevard Pereire",48.88794,2.307107
"Space Invader PA_1413, 13 rue de LÃ¼beck",48.866212,2.293588
"Space Invader PA_1414, 16 avenue de Vincennes",48.844979,2.436589
"Space Invader PA_1415, 83 rue Victor Hugo",48.81849,2.383889
"Space Invader PA_1416, place de la RÃ©sistance",48.821266,2.250127
"Space Invader PA_1417, escalier derriÃ¨re la galerie d'anatomie",48.842906,2.362192
"Space Invader PA_1418, 18 avenue de Lowendal",48.849389,2.303341
"Space Invader PA_1419, 1 rue du ChÃ¢teau d'Eau",48.868935,2.362326
"Space Invader PA_1420, 28 rue de Chaligny",48.847205,2.383652
"Space Invader PA_1421, 49 du Volga",48.852627,2.407411
"Space Invader PA_1422, Pondorly",48.757865,2.348017
"Space Invader PA_1423, 33 rue PoissonniÃ¨re",48.870216,2.347786
"Space Invader PA_1424, 1 rue PelÃ©e",48.859587,2.369238
"Space Invader PA_1425, 9 rue Sedaine",48.855821,2.371851
"Space Invader PA_1426 & PA_1427, pavillon ouest de la porte de Neuilly",48.880106,2.258447
"Space Invader PA_1428, Gare de l'Avenue Foch",48.870968,2.275511
"Space Invader PA_1429, 1 rue de la Porte d'Issy",48.832224,2.280645
"Space Invader PA_1430, 130 boulevard Berthier",48.888272,2.299683
"Space Invader PA_1431, dernier Ã©tage de la Tour Eiffel",48.858271,2.294608
"Space Invader PA_1432, place Igor Stravinsky",48.85953,2.35116
"Space Invader PA_1433, 36 rue Daubenton",48.841104,2.352405
"Space Invader PA_1434, 39 rue Edouard Vaillant",48.855267,2.432581
"Space Invader VRS_001, 2 rue du Baillage",48.807637,2.130904
"Space Invader VRS_002, rue des 2 Portes",48.806304,2.130867
"Space Invader VRS_003, 1 rue des Deux Portes",48.805509,2.130321
"Space Invader VRS_004, carrÃ© Ã  la MarÃ©e",48.8071,2.13219
"Space Invader VRS_005, 10 rue de Fontenay",48.801279,2.1253
"Space Invader VRS_006, 2 avenue de Paris",48.801969,2.129281
"Space Invader VRS_007, 2 rue Saint-Lazare",48.808584,2.129415
"Space Invader VRS_008, 40 rue du Vieux Versailles",48.800284,2.124758
"Space Invader VRS_009, 12 avenue du GÃ©nÃ©ral de Gaulle",48.800617,2.128459
"Space Invader VRS_010, 48 boulevard de Jardy",48.832282,2.152928
"Space Invader VRS_011, 65 avenue de Saint-Cloud",48.80561,2.13536
"Space Invader VRS_012, 1 place Hoche",48.8063,2.12728
"Space Invader VRS_013, pavillon de l'Octroi",48.798473,2.153225
"Space Invader VRS_014, 25 rue de Noailles",48.7981,2.13499
"Space Invader VRS_015, 15 rue du Peintre Lebrun",48.80652,2.12477
"Space Invader VRS_016, 40 rue de l'Orangerie",48.7996,2.12429
"Space Invader VRS_017, 27 rue des RÃ©servoirs",48.8094,2.12515
"Space Invader VRS_018, 17 rue Colbert",48.805025,2.127111
"Space Invader VRS_019, 0 rue d'Anjou",48.79795,2.123183
"Space Invader VRS_020, allÃ©e du Potager",48.800811,2.119912
"Space Invader VRS_021, 0 rue de Limoges",48.800292,2.132251
"Space Invader VRS_022, 16 rue Sainte-Anne",48.80536,2.1258
"Space Invader VRS_023, jardins de l'Orangerie",48.801412,2.118563
"Space Invader VRS_034, 0 rue Pierre Bertin",48.806876,2.143041
"Space Invader VRS_035, 1 rue de Bretagne",48.80226,2.15922
"Space Invader VRS_036, 30 rue des Chantiers",48.795779,2.138546
"Space Invader VRS_037, 3 rue Saint-HonorÃ©",48.798534,2.125345
"Space Invader VRS_038, Place d'Armes",48.803361,2.126332
"Space Invader VRS_039, 0 rue de la Paroisse",48.8087,2.12389
"Space Invader VRS_040, 1 avenue de Maintenon",48.819504,2.137759
"Space Invader VRS_041, 42 rue du MarÃ©chal Foch",48.809835,2.134159
"Space Invader VRS_042, 54 avenue de Villeneuve l'Ã‰tang",48.81891,2.149957
"Space Invader, PA_0227, 15 rue Martel",48.87415,2.353033